12528,美国高中报告：中国学生高中留学趋势变缓,美国留学趋势分析：2024年国际学生数据更新,"
<p><span style=""font-weight: 400;"">随着</span><a href=""https://www.forwardpathway.com""><b>美国留学</b></a><span style=""font-weight: 400;"">的国际学生数量的增长，美国留学逐渐呈现低龄化的趋势。目前，美国政府加强了对学生签证发放的控制，也减缓了来自国外学生数量的增长。从2004年至2016年，<a href=""https://www.forwardpathway.com/high-school-application""><strong>美国高中申请</strong></a>国际生人数增加了两倍多，达到近82000人，然而，根据国际教育协会（Institute of International Education）的一份最新报告，最近的增长率已经越来越小。</span></p>



<p><span style=""font-weight: 400;""><a href=""https://www.iie.org/"" target=""_blank"" rel=""noreferrer noopener"" aria-label=""国际教育协会 (opens in a new tab)"">国际教育协会</a>最新报告 &#8220;Globally Mobile Youth: Trends in International Secondary Students in the United States, 2013-2016&#8243;显示，寻求高等教育的学位证书是国际学生留学的主要目的。2016年，国际学生中有72%持有F-1签证，意味着这部分学生打算获得美国高中文凭，而其余的学生则持有J-1签证，意味着他们是以交换学生的身份短期交流学习。</span></p>



<p><span style=""font-weight: 400;"">报告指出，绝大多数前往<a href=""https://www.forwardpathway.com/high-school-application""><strong>美国高中留学</strong></a>的国际学生都希望在完成高中学业之后继续接受进一步高等教育，并且将他们在美国留学的经历作为申请美国大学的资本。不少留学家庭认为，在美国高中学习的经历、在英文环境中接受的教育、以及留学生在上大学前对于美国生活的适应，可以很大程度上缓解从高中到大学教育环境改变的不适。</span></p>



<p><span style=""font-weight: 400;"">东亚地区是持有美国高中<a href=""https://travel.state.gov/content/travel/en/us-visas/study/student-visa.html"" target=""_blank"" rel=""noreferrer noopener"" aria-label=""F-1签证 (opens in a new tab)"">F-1签证</a>学生数量最多的区域，达到了78%，中国大陆学生则占东亚地区美国高中留学国际学生总人数的58%，远远超过南韩的7%。绝大多数（94%）的学生选择就读私立学校，主要是宗教学校。就公立学校而言，部分学校设立了国际交流项目，为美国学生提供跨文化的学习。其他学校建立国际项目则是作为增加招生的一种方式。</span></p>



<p><span style=""font-weight: 400;"">总体来看，中国学生依旧是美国高中国际学生的主力军，2016年中国留学生占美国高中国际学生总人数的42%，并且从2013至2016年间，中国学生人数增长了48%，从2013年的22558人增长到2016年的33275人。尽管中国高中留学人数不断增加，但是增长趋势正逐渐变缓。2014-2015年，中国高中留学人数增幅约为13.7%，而2015-2016年人数增幅约为6.2%。</span><br></p>



<div class=""wp-block-image""><figure class=""aligncenter""><img decoding=""async"" width=""1000"" height=""500"" src=""https://www.forwardpathway.com/wp-content/uploads/2019/09/19/美国高中报告：中国学生高中留学趋势变缓-1000x500.jpg"" alt=""美国高中报告：中国学生高中留学趋势变缓"" class=""wp-image-58879"" srcset=""https://www.forwardpathway.com/wp-content/uploads/2019/09/19/美国高中报告：中国学生高中留学趋势变缓-1000x500.jpg 1000w, https://www.forwardpathway.com/wp-content/uploads/2019/09/19/美国高中报告：中国学生高中留学趋势变缓-400x200.jpg 400w, https://www.forwardpathway.com/wp-content/uploads/2019/09/19/美国高中报告：中国学生高中留学趋势变缓-200x100.jpg 200w, https://www.forwardpathway.com/wp-content/uploads/2019/09/19/美国高中报告：中国学生高中留学趋势变缓-768x384.jpg 768w, https://www.forwardpathway.com/wp-content/uploads/2019/09/19/美国高中报告：中国学生高中留学趋势变缓.jpg 1200w"" sizes=""(max-width: 1000px) 100vw, 1000px"" /></figure></div>



<p><span style=""font-weight: 400;"">随着国际学生人数增加，部分美国高中也逐渐开展与当地大学合作，为国际学生建立通道或者双重招生计划，帮助他们顺利过渡到大学。而其他高等教育机构也已经在他们的校园中设立了“国际高中”，以帮助学校更多更好的招收国际学生。</span></p>



<p><span style=""font-weight: 400;"">就分布而言，加州依旧是国际学生的首选地，在2016年秋季，有12201名国际学生前往加州高中就读，二到十位拥有国际高中学生最多的州分别为纽约州、德克萨斯州、佛罗里达州、马萨诸塞州、宾夕法尼亚州、密歇根州、康涅狄格州、弗吉尼亚州、以及新泽西州。同时，加州还是拥有持F-1签证学生数量最多的州，而持有<a href=""https://j1visa.state.gov/"" target=""_blank"" rel=""noreferrer noopener"" aria-label=""J-1 (opens in a new tab)"">J-1</a>签证最多的州则是密歇根州。</span></p>



<p><span style=""font-weight: 400;"">相对于其他国家来说，美国依旧是中国高中留学生占有量最多的国家，在美国，2016年高中留学生人数为81979人，中国学生占其中的42%；在英国，2016年高中留学生人数为27633人，中国学生占其中的23%；在加拿大，2016年高中留学生人数为44510人，中国学生占其中的55%；在澳大利亚，2016年高中留学生人数为22265人，中国学生占其中的54%；</span></p>



<p><span style=""font-weight: 400;"">尽管中国前往<a href=""https://www.forwardpathway.com/high-school-application""><strong>美国高中留学</strong></a>的学生数量依旧不断增加，但逐渐变缓的趋势体现出更多留学家庭对于美国留学的理智思考。如果想要了解更多</span><a href=""https://www.forwardpathway.com""><b>美国留学</b></a><span style=""font-weight: 400;"">资讯，欢迎咨询美国续航教育的专业顾问。</span><br></p>

","<h3>美国留学趋势更新：2024年国际学生数据分析</h3>
<p>随着美国留学的国际学生数量的增长，美国留学逐渐呈现低龄化的趋势。目前，美国政府加强了对学生签证发放的控制，也减缓了来自国外学生数量的增长。从2004年至2016年，<a href=""https://www.forwardpathway.com/high-school-application"">美国高中申请</a>国际生人数增加了两倍多，达到近82000人。然而，根据最新的国际学生数据，最近的增长率已经有所变化。</p>
<h3>国际学生数量趋势</h3>
<p>根据国际教育协会（IIE）的最新报告，截至2023年秋季，国际学生的注册人数显示出显著增长。2023年秋季的国际学生注册人数创下了新高，反映了美国高等教育系统的韧性和对国际学生流动性的持续承诺[1]。以下是一些关键数据：</p>
<ul>
<li><strong>国际学生来源国</strong>：56%的国际学生来自以下五个国家：中国（21%）、印度（17%）、尼泊尔（8%）、菲律宾（5%）和越南（5%）[1]。</li>
<li><strong>各教育部门的增长</strong>：职业教育与培训（VET）部门的注册人数自2019年以来增长了46%，高等教育的注册人数比2019年高出9%，英语语言强化课程（ELICOS）的注册人数增长了8%，而学校和非奖学金课程的注册人数分别下降了23%和30%[1]。</li>
</ul>
<h3>签证类型及分布</h3>
<p>根据美国国土安全部学生和交流访问者项目（SEVP）的数据，国际学生可以申请以下几种签证：</p>
<ul>
<li><strong>F-1签证</strong>：用于完成K-12或大学学位课程的学术学习[2]。</li>
<li><strong>M-1签证</strong>：用于完成职业课程的学习[2]。</li>
<li><strong>J-1签证</strong>：用于参与美国国务院指定的交流访问者项目[2]。</li>
</ul>
<p>国际学生主要集中在以下五个州：加利福尼亚州、纽约州、德克萨斯州、马萨诸塞州和佛罗里达州[2]。这些州几乎占据了所有国际学生的一半。</p>
<h3>主要留学国家对比</h3>
<p>国际学生对美国经济和文化环境有着重要的贡献。2021-2022学年，国际学生为美国经济贡献了338亿美元，并支持了超过335,423个工作岗位[2]。此外，国际学生还通过与美国学生的互动，提升了后者的自信心、领导能力和整体智力成长[2]。</p>
<p>COVID-19疫情对国际学生的注册人数产生了显著影响，但2022年显示出强劲的反弹迹象。根据SEVP的数据，2022年有近140万名F-1和M-1学生的活跃记录，比2021年增加了10%，是自2019年以来的最高记录[2]。</p>
<h3>未来展望</h3>
<p>随着COVID-19疫情的结束、友好的移民政策以及各大学积极的招生努力，国际学生的注册人数有望继续增长[2]。国际学生不仅丰富了美国的校园生活，还通过跨文化的交流，促进了全球合作与和平建设。</p>
<h3>参考资料</h3>
<ol>
<li><a href=""https://www.iie.org/publications/fall-2023-snapshot-on-international-student-enrollment/"">Fall 2023 Snapshot on International Student Enrollment | IIE - The Power of International Education</a></li>
<li><a href=""https://www.boundless.com/research/international-students-studying-in-the-united-states-trends-and-impacts/"">International Students in the U.S.: Trends and Impacts in 2023</a></li>
</ol>
<p><img alt=""美国高中报告：中国学生高中留学趋势变缓"" src=""https://www.forwardpathway.com/wp-content/uploads/2019/09/19/美国高中报告：中国学生高中留学趋势变缓-1000x500.jpg""/></p>
<p>尽管中国前往美国高中留学的学生数量依旧不断增加，但逐渐变缓的趋势体现出更多留学家庭对于美国留学的理智思考。如果想要了解更多美国留学资讯，欢迎咨询美国续航教育的专业顾问。</p>"
12528,美国留学趋势分析：2024年国际学生数据更新,美国留学趋势更新：2024年国际学生数据分析,"<h3>美国留学趋势更新：2024年国际学生数据分析</h3>
<p>随着美国留学的国际学生数量的增长，美国留学逐渐呈现低龄化的趋势。目前，美国政府加强了对学生签证发放的控制，也减缓了来自国外学生数量的增长。从2004年至2016年，<a href=""https://www.forwardpathway.com/high-school-application"">美国高中申请</a>国际生人数增加了两倍多，达到近82000人。然而，根据最新的国际学生数据，最近的增长率已经有所变化。</p>
<h3>国际学生数量趋势</h3>
<p>根据国际教育协会（IIE）的最新报告，截至2023年秋季，国际学生的注册人数显示出显著增长。2023年秋季的国际学生注册人数创下了新高，反映了美国高等教育系统的韧性和对国际学生流动性的持续承诺[1]。以下是一些关键数据：</p>
<ul>
<li><strong>国际学生来源国</strong>：56%的国际学生来自以下五个国家：中国（21%）、印度（17%）、尼泊尔（8%）、菲律宾（5%）和越南（5%）[1]。</li>
<li><strong>各教育部门的增长</strong>：职业教育与培训（VET）部门的注册人数自2019年以来增长了46%，高等教育的注册人数比2019年高出9%，英语语言强化课程（ELICOS）的注册人数增长了8%，而学校和非奖学金课程的注册人数分别下降了23%和30%[1]。</li>
</ul>
<h3>签证类型及分布</h3>
<p>根据美国国土安全部学生和交流访问者项目（SEVP）的数据，国际学生可以申请以下几种签证：</p>
<ul>
<li><strong>F-1签证</strong>：用于完成K-12或大学学位课程的学术学习[2]。</li>
<li><strong>M-1签证</strong>：用于完成职业课程的学习[2]。</li>
<li><strong>J-1签证</strong>：用于参与美国国务院指定的交流访问者项目[2]。</li>
</ul>
<p>国际学生主要集中在以下五个州：加利福尼亚州、纽约州、德克萨斯州、马萨诸塞州和佛罗里达州[2]。这些州几乎占据了所有国际学生的一半。</p>
<h3>主要留学国家对比</h3>
<p>国际学生对美国经济和文化环境有着重要的贡献。2021-2022学年，国际学生为美国经济贡献了338亿美元，并支持了超过335,423个工作岗位[2]。此外，国际学生还通过与美国学生的互动，提升了后者的自信心、领导能力和整体智力成长[2]。</p>
<p>COVID-19疫情对国际学生的注册人数产生了显著影响，但2022年显示出强劲的反弹迹象。根据SEVP的数据，2022年有近140万名F-1和M-1学生的活跃记录，比2021年增加了10%，是自2019年以来的最高记录[2]。</p>
<h3>未来展望</h3>
<p>随着COVID-19疫情的结束、友好的移民政策以及各大学积极的招生努力，国际学生的注册人数有望继续增长[2]。国际学生不仅丰富了美国的校园生活，还通过跨文化的交流，促进了全球合作与和平建设。</p>
<h3>参考资料</h3>
<ol>
<li><a href=""https://www.iie.org/publications/fall-2023-snapshot-on-international-student-enrollment/"">Fall 2023 Snapshot on International Student Enrollment | IIE &#8211; The Power of International Education</a></li>
<li><a href=""https://www.boundless.com/research/international-students-studying-in-the-united-states-trends-and-impacts/"">International Students in the U.S.: Trends and Impacts in 2023</a></li>
</ol>
<p><img decoding=""async"" alt=""美国高中报告：中国学生高中留学趋势变缓"" src=""https://www.forwardpathway.com/wp-content/uploads/2019/09/19/美国高中报告：中国学生高中留学趋势变缓-1000x500.jpg""/></p>
<p>尽管中国前往美国高中留学的学生数量依旧不断增加，但逐渐变缓的趋势体现出更多留学家庭对于美国留学的理智思考。如果想要了解更多美国留学资讯，欢迎咨询美国续航教育的专业顾问。</p>
","<h3>美国留学趋势更新：2024年国际学生数据分析</h3>
<p>随着美国留学的国际学生数量的增长，美国留学逐渐呈现低龄化的趋势。目前，美国政府加强了对学生签证发放的控制，也减缓了来自国外学生数量的增长。从2004年至2016年，<a href=""https://www.forwardpathway.com/high-school-application"">美国高中申请</a>国际生人数增加了两倍多，达到近82000人。然而，根据最新的国际学生数据，最近的增长率已经有所变化。</p>
<h3>国际学生数量趋势</h3>
<p>根据国际教育协会（IIE）的最新报告，截至2024年秋季，国际学生的注册人数显示出显著增长。2024年秋季的国际学生注册人数创下了新高，反映了美国高等教育系统的韧性和对国际学生流动性的持续承诺[1]。以下是一些关键数据：</p>
<ul>
<li><strong>国际学生来源国</strong>：53%的国际学生来自以下两个国家：中国（27%）和印度（25%）[1]。</li>
<li><strong>各教育部门的增长</strong>：研究生注册人数增长最为显著，达到467,027人，同比增长21%。本科生注册人数也首次在五年内增长了1%。此外，43,766名国际学生从事非学位学习，增长率为28%[1]。</li>
</ul>
<h3>签证类型及分布</h3>
<p>根据美国国土安全部学生和交流访问者项目（SEVP）的数据，国际学生可以申请以下几种签证：</p>
<ul>
<li><strong>F-1签证</strong>：用于完成K-12或大学学位课程的学术学习[2]。</li>
<li><strong>M-1签证</strong>：用于完成职业课程的学习[2]。</li>
<li><strong>J-1签证</strong>：用于参与美国国务院指定的交流访问者项目[2]。</li>
</ul>
<p>国际学生主要集中在以下五个州：加利福尼亚州、纽约州、德克萨斯州、马萨诸塞州和佛罗里达州[2]。这些州几乎占据了所有国际学生的一半。</p>
<h3>主要留学国家对比</h3>
<p>国际学生对美国经济和文化环境有着重要的贡献。2021-2022学年，国际学生为美国经济贡献了338亿美元，并支持了超过335,423个工作岗位[2]。此外，国际学生还通过与美国学生的互动，提升了后者的自信心、领导能力和整体智力成长[2]。</p>
<h3>COVID-19疫情对国际学生注册人数的影响</h3>
<p>COVID-19疫情对国际学生的注册人数产生了显著影响，但2022年显示出强劲的反弹迹象。根据SEVP的数据，2022年有近140万名F-1和M-1学生的活跃记录，比2021年增加了10%，是自2019年以来的最高记录[2]。2022-2023学年，国际学生注册人数超过了疫情前的水平，达到1,057,188人，同比增长12%，这是40年来最快的增长速度[3]。</p>
<h3>疫情后国际学生注册人数恢复的具体数据和趋势分析</h3>
<p>根据最新的“Open Doors”报告，2022-2023学年国际学生注册人数超过了疫情前的水平，达到1,057,188人，同比增长12%，这是40年来最快的增长速度[3]。新注册的国际学生人数增长尤为显著，2022-2023学年新国际学生人数增长了14%，达到298,523人，超过了2019-2020学年的268,000人，接近2015-2016学年的历史最高记录300,743人[4]。</p>
<h3>各大学采取的具体措施</h3>
<p>为了吸引更多的国际学生，美国各大学采取了多种措施，包括：</p>
<ul>
<li><strong>加强国际招生宣传</strong>：通过举办线上线下的教育展览、讲座和研讨会，增加国际学生对美国高等教育的了解[4]。</li>
<li><strong>提供更多奖学金和经济资助</strong>：许多大学增加了针对国际学生的奖学金和经济资助项目，以减轻他们的经济负担[4]。</li>
<li><strong>优化签证和入学流程</strong>：简化签证申请流程，提供更多的签证指导和支持，确保国际学生能够顺利入学[4]。</li>
<li><strong>提升校园国际化服务</strong>：通过提供多语言支持、文化适应培训和国际学生专属服务，帮助国际学生更好地适应美国的学习和生活环境[4]。</li>
</ul>
<h3>未来展望</h3>
<p>随着COVID-19疫情的结束、友好的移民政策以及各大学积极的招生努力，国际学生的注册人数有望继续增长[2]。国际学生不仅丰富了美国的校园生活，还通过跨文化的交流，促进了全球合作与和平建设。</p>
<h3>参考资料</h3>
<ol>
<li><a href=""https://opendoorsdata.org/annual-release/international-students/"">IIE Open Doors / International Students</a></li>
<li><a href=""https://www.usa.gov/student-visa"">Get a student visa to study in the U.S. | USAGov</a></li>
<li><a href=""https://www.insidehighered.com/news/global/international-students-us/2023/11/13/international-enrollment-rockets-past-pre-pandemic"">Inside Higher Ed: International enrollment rockets past pre-pandemic levels</a></li>
<li><a href=""https://www.usnews.com/education/best-global-universities/articles/international-student-numbers-in-u-s-show-fastest-growth-in-40-years"">U.S. News: International Student Numbers in U.S. Show Fastest Growth in 40 Years</a></li>
</ol>
<p><img alt=""美国高中报告：中国学生高中留学趋势变缓"" src=""https://www.forwardpathway.com/wp-content/uploads/2019/09/19/美国高中报告：中国学生高中留学趋势变缓-1000x500.jpg""/></p>
<p>尽管中国前往美国高中留学的学生数量依旧不断增加，但逐渐变缓的趋势体现出更多留学家庭对于美国留学的理智思考。如果想要了解更多美国留学资讯，欢迎咨询美国续航教育的专业顾问。</p>"
12528,美国留学趋势更新：2024年国际学生数据分析,美国留学趋势分析：2024年国际学生数据全面解读,"<h3>美国留学趋势更新：2024年国际学生数据分析</h3>
<p>随着美国留学的国际学生数量的增长，美国留学逐渐呈现低龄化的趋势。目前，美国政府加强了对学生签证发放的控制，也减缓了来自国外学生数量的增长。从2004年至2016年，<a href=""https://www.forwardpathway.com/high-school-application"">美国高中申请</a>国际生人数增加了两倍多，达到近82000人。然而，根据最新的国际学生数据，最近的增长率已经有所变化。</p>
<h3>国际学生数量趋势</h3>
<p>根据国际教育协会（IIE）的最新报告，截至2024年秋季，国际学生的注册人数显示出显著增长。2024年秋季的国际学生注册人数创下了新高，反映了美国高等教育系统的韧性和对国际学生流动性的持续承诺[1]。以下是一些关键数据：</p>
<ul>
<li><strong>国际学生来源国</strong>：53%的国际学生来自以下两个国家：中国（27%）和印度（25%）[1]。</li>
<li><strong>各教育部门的增长</strong>：研究生注册人数增长最为显著，达到467,027人，同比增长21%。本科生注册人数也首次在五年内增长了1%。此外，43,766名国际学生从事非学位学习，增长率为28%[1]。</li>
</ul>
<h3>签证类型及分布</h3>
<p>根据美国国土安全部学生和交流访问者项目（SEVP）的数据，国际学生可以申请以下几种签证：</p>
<ul>
<li><strong>F-1签证</strong>：用于完成K-12或大学学位课程的学术学习[2]。</li>
<li><strong>M-1签证</strong>：用于完成职业课程的学习[2]。</li>
<li><strong>J-1签证</strong>：用于参与美国国务院指定的交流访问者项目[2]。</li>
</ul>
<p>国际学生主要集中在以下五个州：加利福尼亚州、纽约州、德克萨斯州、马萨诸塞州和佛罗里达州[2]。这些州几乎占据了所有国际学生的一半。</p>
<h3>主要留学国家对比</h3>
<p>国际学生对美国经济和文化环境有着重要的贡献。2021-2022学年，国际学生为美国经济贡献了338亿美元，并支持了超过335,423个工作岗位[2]。此外，国际学生还通过与美国学生的互动，提升了后者的自信心、领导能力和整体智力成长[2]。</p>
<h3>COVID-19疫情对国际学生注册人数的影响</h3>
<p>COVID-19疫情对国际学生的注册人数产生了显著影响，但2022年显示出强劲的反弹迹象。根据SEVP的数据，2022年有近140万名F-1和M-1学生的活跃记录，比2021年增加了10%，是自2019年以来的最高记录[2]。2022-2023学年，国际学生注册人数超过了疫情前的水平，达到1,057,188人，同比增长12%，这是40年来最快的增长速度[3]。</p>
<h3>疫情后国际学生注册人数恢复的具体数据和趋势分析</h3>
<p>根据最新的“Open Doors”报告，2022-2023学年国际学生注册人数超过了疫情前的水平，达到1,057,188人，同比增长12%，这是40年来最快的增长速度[3]。新注册的国际学生人数增长尤为显著，2022-2023学年新国际学生人数增长了14%，达到298,523人，超过了2019-2020学年的268,000人，接近2015-2016学年的历史最高记录300,743人[4]。</p>
<h3>各大学采取的具体措施</h3>
<p>为了吸引更多的国际学生，美国各大学采取了多种措施，包括：</p>
<ul>
<li><strong>加强国际招生宣传</strong>：通过举办线上线下的教育展览、讲座和研讨会，增加国际学生对美国高等教育的了解[4]。</li>
<li><strong>提供更多奖学金和经济资助</strong>：许多大学增加了针对国际学生的奖学金和经济资助项目，以减轻他们的经济负担[4]。</li>
<li><strong>优化签证和入学流程</strong>：简化签证申请流程，提供更多的签证指导和支持，确保国际学生能够顺利入学[4]。</li>
<li><strong>提升校园国际化服务</strong>：通过提供多语言支持、文化适应培训和国际学生专属服务，帮助国际学生更好地适应美国的学习和生活环境[4]。</li>
</ul>
<h3>未来展望</h3>
<p>随着COVID-19疫情的结束、友好的移民政策以及各大学积极的招生努力，国际学生的注册人数有望继续增长[2]。国际学生不仅丰富了美国的校园生活，还通过跨文化的交流，促进了全球合作与和平建设。</p>
<h3>参考资料</h3>
<ol>
<li><a href=""https://opendoorsdata.org/annual-release/international-students/"">IIE Open Doors / International Students</a></li>
<li><a href=""https://www.usa.gov/student-visa"">Get a student visa to study in the U.S. | USAGov</a></li>
<li><a href=""https://www.insidehighered.com/news/global/international-students-us/2023/11/13/international-enrollment-rockets-past-pre-pandemic"">Inside Higher Ed: International enrollment rockets past pre-pandemic levels</a></li>
<li><a href=""https://www.usnews.com/education/best-global-universities/articles/international-student-numbers-in-u-s-show-fastest-growth-in-40-years"">U.S. News: International Student Numbers in U.S. Show Fastest Growth in 40 Years</a></li>
</ol>
<p><img decoding=""async"" alt=""美国高中报告：中国学生高中留学趋势变缓"" src=""https://www.forwardpathway.com/wp-content/uploads/2019/09/19/美国高中报告：中国学生高中留学趋势变缓-1000x500.jpg""/></p>
<p>尽管中国前往美国高中留学的学生数量依旧不断增加，但逐渐变缓的趋势体现出更多留学家庭对于美国留学的理智思考。如果想要了解更多美国留学资讯，欢迎咨询美国续航教育的专业顾问。</p>
","<h3>美国留学趋势更新：2024年国际学生数据分析</h3>
<p>随着美国留学的国际学生数量的增长，美国留学逐渐呈现低龄化的趋势。目前，美国政府加强了对学生签证发放的控制，也减缓了来自国外学生数量的增长。从2004年至2016年，<a href=""https://www.forwardpathway.com/high-school-application"">美国高中申请</a>国际生人数增加了两倍多，达到近82000人。然而，根据最新的国际学生数据，最近的增长率已经有所变化。</p>
<p><img alt=""美国高中报告：中国学生高中留学趋势变缓"" src=""https://www.forwardpathway.com/wp-content/uploads/2019/09/19/美国高中报告：中国学生高中留学趋势变缓-1000x500.jpg""/></p>
<h3>签证类型及分布</h3>
<p>根据美国国土安全部学生和交流访问者项目（SEVP）的数据，国际学生可以申请以下几种签证：</p>
<ul>
<li><strong>F-1签证</strong>：用于完成K-12或大学学位课程的学术学习<sup id=""fnref5:2""><a class=""footnote-ref"" href=""#fn:2"">2</a></sup>。</li>
<li><strong>M-1签证</strong>：用于完成职业课程的学习<sup id=""fnref6:2""><a class=""footnote-ref"" href=""#fn:2"">2</a></sup>。</li>
<li><strong>J-1签证</strong>：用于参与美国国务院指定的交流访问者项目<sup id=""fnref7:2""><a class=""footnote-ref"" href=""#fn:2"">2</a></sup>。</li>
</ul>
<p>国际学生主要集中在以下五个州：加利福尼亚州、纽约州、德克萨斯州、马萨诸塞州和佛罗里达州<sup id=""fnref:2""><a class=""footnote-ref"" href=""#fn:2"">2</a></sup>。这些州几乎占据了所有国际学生的一半。</p>
<h3>国际学生数量趋势</h3>
<p>根据国际教育协会（IIE）的最新报告，截至2023年秋季，国际学生的注册人数显示出显著增长。2023年秋季的国际学生注册人数创下了新高，反映了美国高等教育系统的韧性和对国际学生流动性的持续承诺<sup id=""fnref:1""><a class=""footnote-ref"" href=""#fn:1"">1</a></sup>。以下是一些关键数据：</p>
<ul>
<li><strong>国际学生来源国</strong>：53%的国际学生来自以下两个国家：中国（27%）和印度（25%）<sup id=""fnref2:1""><a class=""footnote-ref"" href=""#fn:1"">1</a></sup>。</li>
<li><strong>各教育部门的增长</strong>：研究生注册人数增长最为显著，达到467,027人，同比增长21%。本科生注册人数也首次在五年内增长了1%。此外，43,766名国际学生从事非学位学习，增长率为28%<sup id=""fnref3:1""><a class=""footnote-ref"" href=""#fn:1"">1</a></sup>。</li>
</ul>
<h3>主要留学国家对比</h3>
<p>国际学生对美国经济和文化环境有着重要的贡献。2022-2023学年，国际学生为美国经济贡献了超过400亿美元，并支持了超过368,000个工作岗位<sup id=""fnref:3""><a class=""footnote-ref"" href=""#fn:3"">3</a></sup><sup id=""fnref:4""><a class=""footnote-ref"" href=""#fn:4"">4</a></sup>。此外，国际学生还通过与美国学生的互动，提升了后者的自信心、领导能力和整体智力成长<sup id=""fnref2:2""><a class=""footnote-ref"" href=""#fn:2"">2</a></sup>。</p>
<h3>COVID-19疫情对国际学生注册人数的影响</h3>
<p>COVID-19疫情对国际学生的注册人数产生了显著影响，但2022年显示出强劲的反弹迹象。根据SEVP的数据，2022年有近140万名F-1和M-1学生的活跃记录，比2021年增加了10%，是自2019年以来的最高记录<sup id=""fnref3:2""><a class=""footnote-ref"" href=""#fn:2"">2</a></sup>。2022-2023学年，国际学生注册人数超过了疫情前的水平，达到1,057,188人，同比增长12%，这是40年来最快的增长速度<sup id=""fnref2:3""><a class=""footnote-ref"" href=""#fn:3"">3</a></sup>。</p>
<h3>疫情后国际学生注册人数恢复的具体数据和趋势分析</h3>
<p>根据最新的“Open Doors”报告，2022-2023学年国际学生注册人数超过了疫情前的水平，达到1,057,188人，同比增长12%，这是40年来最快的增长速度<sup id=""fnref3:3""><a class=""footnote-ref"" href=""#fn:3"">3</a></sup>。新注册的国际学生人数增长尤为显著，2022-2023学年新国际学生人数增长了14%，达到298,523人，超过了2019-2020学年的268,000人，接近2015-2016学年的历史最高记录300,743人<sup id=""fnref2:4""><a class=""footnote-ref"" href=""#fn:4"">4</a></sup>。</p>
<h3>各大学采取的具体措施</h3>
<p>为了吸引更多的国际学生，美国各大学采取了多种措施，包括：</p>
<ul>
<li><strong>加强国际招生宣传</strong>：通过举办线上线下的教育展览、讲座和研讨会，增加国际学生对美国高等教育的了解<sup id=""fnref3:4""><a class=""footnote-ref"" href=""#fn:4"">4</a></sup>。</li>
<li><strong>提供更多奖学金和经济资助</strong>：许多大学增加了针对国际学生的奖学金和经济资助项目，以减轻他们的经济负担<sup id=""fnref4:4""><a class=""footnote-ref"" href=""#fn:4"">4</a></sup>。</li>
<li><strong>优化签证和入学流程</strong>：简化签证申请流程，提供更多的签证指导和支持，确保国际学生能够顺利入学<sup id=""fnref5:4""><a class=""footnote-ref"" href=""#fn:4"">4</a></sup>。</li>
<li><strong>提升校园国际化服务</strong>：通过提供多语言支持、文化适应培训和国际学生专属服务，帮助国际学生更好地适应美国的学习和生活环境<sup id=""fnref6:4""><a class=""footnote-ref"" href=""#fn:4"">4</a></sup>。</li>
</ul>
<h3>未来展望</h3>
<p>随着COVID-19疫情的结束、友好的移民政策以及各大学积极的招生努力，国际学生的注册人数有望继续增长<sup id=""fnref4:2""><a class=""footnote-ref"" href=""#fn:2"">2</a></sup>。国际学生不仅丰富了美国的校园生活，还通过跨文化的交流，促进了全球合作与和平建设。</p>
<h3>参考资料</h3>
<ol>
<li><a href=""https://opendoorsdata.org/annual-release/international-students/"">IIE Open Doors / International Students</a></li>
<li><a href=""https://www.usa.gov/student-visa"">Get a student visa to study in the U.S. | USAGov</a></li>
<li><a href=""https://www.nafsa.org/about/about-nafsa/new-nafsa-data-reveal-international-student-economic-contributions-continue"">New NAFSA Data Reveal International Student Economic Contributions Continue to Rebound | NAFSA</a></li>
<li><a href=""https://www.forbes.com/sites/annaesakismith/2023/11/13/one-million-international-students-contributed-40-billion-to-us-economy/"">One Million International Students Contributed $40 Billion To U.S. Economy | Forbes</a></li>
</ol>
<div class=""footnote"">
<hr/>
<ol>
<li id=""fn:1"">
<p><a href=""https://opendoorsdata.org/annual-release/international-students/"">IIE Open Doors / International Students</a> <a class=""footnote-backref"" href=""#fnref:1"" title=""Jump back to footnote 1 in the text"">↩</a><a class=""footnote-backref"" href=""#fnref2:1"" title=""Jump back to footnote 1 in the text"">↩</a><a class=""footnote-backref"" href=""#fnref3:1"" title=""Jump back to footnote 1 in the text"">↩</a></p>
</li>
<li id=""fn:2"">
<p><a href=""https://www.usa.gov/student-visa"">Get a student visa to study in the U.S. | USAGov</a> <a class=""footnote-backref"" href=""#fnref:2"" title=""Jump back to footnote 2 in the text"">↩</a><a class=""footnote-backref"" href=""#fnref2:2"" title=""Jump back to footnote 2 in the text"">↩</a><a class=""footnote-backref"" href=""#fnref3:2"" title=""Jump back to footnote 2 in the text"">↩</a><a class=""footnote-backref"" href=""#fnref4:2"" title=""Jump back to footnote 2 in the text"">↩</a><a class=""footnote-backref"" href=""#fnref5:2"" title=""Jump back to footnote 2 in the text"">↩</a><a class=""footnote-backref"" href=""#fnref6:2"" title=""Jump back to footnote 2 in the text"">↩</a><a class=""footnote-backref"" href=""#fnref7:2"" title=""Jump back to footnote 2 in the text"">↩</a></p>
</li>
<li id=""fn:3"">
<p><a href=""https://www.nafsa.org/about/about-nafsa/new-nafsa-data-reveal-international-student-economic-contributions-continue"">New NAFSA Data Reveal International Student Economic Contributions Continue to Rebound | NAFSA</a> <a class=""footnote-backref"" href=""#fnref:3"" title=""Jump back to footnote 3 in the text"">↩</a><a class=""footnote-backref"" href=""#fnref2:3"" title=""Jump back to footnote 3 in the text"">↩</a><a class=""footnote-backref"" href=""#fnref3:3"" title=""Jump back to footnote 3 in the text"">↩</a></p>
</li>
<li id=""fn:4"">
<p><a href=""https://www.forbes.com/sites/annaesakismith/2023/11/13/one-million-international-students-contributed-40-billion-to-us-economy/"">One Million International Students Contributed $40 Billion To U.S. Economy | Forbes</a> <a class=""footnote-backref"" href=""#fnref:4"" title=""Jump back to footnote 4 in the text"">↩</a><a class=""footnote-backref"" href=""#fnref2:4"" title=""Jump back to footnote 4 in the text"">↩</a><a class=""footnote-backref"" href=""#fnref3:4"" title=""Jump back to footnote 4 in the text"">↩</a><a class=""footnote-backref"" href=""#fnref4:4"" title=""Jump back to footnote 4 in the text"">↩</a><a class=""footnote-backref"" href=""#fnref5:4"" title=""Jump back to footnote 4 in the text"">↩</a><a class=""footnote-backref"" href=""#fnref6:4"" title=""Jump back to footnote 4 in the text"">↩</a></p>
</li>
</ol>
</div>"
12528,美国留学趋势更新：2024年国际学生数据分析,美国留学趋势分析：2024年国际学生数据全面解读,"<h3>美国留学趋势更新：2024年国际学生数据分析</h3>
<p>随着美国留学的国际学生数量的增长，美国留学逐渐呈现低龄化的趋势。目前，美国政府加强了对学生签证发放的控制，也减缓了来自国外学生数量的增长。从2004年至2016年，<a href=""https://www.forwardpathway.com/high-school-application"">美国高中申请</a>国际生人数增加了两倍多，达到近82000人。然而，根据最新的国际学生数据，最近的增长率已经有所变化。</p>
<p><img decoding=""async"" alt=""美国高中报告：中国学生高中留学趋势变缓"" src=""https://www.forwardpathway.com/wp-content/uploads/2019/09/19/美国高中报告：中国学生高中留学趋势变缓-1000x500.jpg""/></p>
<h3>签证类型及分布</h3>
<p>根据美国国土安全部学生和交流访问者项目（SEVP）的数据，国际学生可以申请以下几种签证：</p>
<ul>
<li><strong>F-1签证</strong>：用于完成K-12或大学学位课程的学术学习。</li>
<li><strong>M-1签证</strong>：用于完成职业课程的学习。</li>
<li><strong>J-1签证</strong>：用于参与美国国务院指定的交流访问者项目。</li>
</ul>
<p>国际学生主要集中在以下五个州：加利福尼亚州、纽约州、德克萨斯州、马萨诸塞州和佛罗里达州。这些州几乎占据了所有国际学生的一半。</p>
<h3>国际学生数量趋势</h3>
<p>根据国际教育协会（IIE）的最新报告，截至2022/23学年，国际学生的注册人数显示出显著增长。2022/23学年的国际学生注册人数创下了新高，反映了美国高等教育系统的韧性和对国际学生流动性的持续承诺。以下是一些关键数据：</p>
<ul>
<li><strong>国际学生来源国</strong>：53%的国际学生来自以下两个国家：中国（27%）和印度（25%）。</li>
<li><strong>各教育部门的增长</strong>：研究生注册人数增长最为显著，达到467,027人，同比增长21%。本科生注册人数也首次在五年内增长了1%。此外，43,766名国际学生从事非学位学习，增长率为28%。</li>
</ul>
<h3>主要留学国家对比</h3>
<p>国际学生对美国经济和文化环境有着重要的贡献。2023-2024学年，国际学生为美国经济贡献了超过400亿美元，并支持了超过368,000个工作岗位[4]。此外，国际学生还通过与美国学生的互动，提升了后者的自信心、领导能力和整体智力成长。</p>
<h3>COVID-19疫情对国际学生注册人数的影响</h3>
<p>COVID-19疫情对国际学生的注册人数产生了显著影响，但2022年显示出强劲的反弹迹象。根据SEVP的数据，2022年有近140万名F-1和M-1学生的活跃记录，比2021年增加了10%，是自2019年以来的最高记录。2022-2023学年，国际学生注册人数超过了疫情前的水平，达到1,057,188人，同比增长12%，这是40年来最快的增长速度[5]。</p>
<h3>疫情后国际学生注册人数恢复的具体数据和趋势分析</h3>
<p>根据最新的“Open Doors”报告，2022-2023学年国际学生注册人数超过了疫情前的水平，达到1,057,188人，同比增长12%，这是40年来最快的增长速度。新注册的国际学生人数增长尤为显著，2022-2023学年新国际学生人数增长了14%，达到298,523人，超过了2019-2020学年的268,000人，接近2015-2016学年的历史最高记录300,743人[5]。</p>
<h3>各大学采取的具体措施</h3>
<p>为了吸引更多的国际学生，美国各大学采取了多种措施，包括：</p>
<ul>
<li><strong>加强国际招生宣传</strong>：通过举办线上线下的教育展览、讲座和研讨会，增加国际学生对美国高等教育的了解。</li>
<li><strong>提供更多奖学金和经济资助</strong>：许多大学增加了针对国际学生的奖学金和经济资助项目，以减轻他们的经济负担。</li>
<li><strong>优化签证和入学流程</strong>：简化签证申请流程，提供更多的签证指导和支持，确保国际学生能够顺利入学。</li>
<li><strong>提升校园国际化服务</strong>：通过提供多语言支持、文化适应培训和国际学生专属服务，帮助国际学生更好地适应美国的学习和生活环境。</li>
</ul>
<h3>未来展望</h3>
<p>随着COVID-19疫情的结束、友好的移民政策以及各大学积极的招生努力，国际学生的注册人数有望继续增长。国际学生不仅丰富了美国的校园生活，还通过跨文化的交流，促进了全球合作与和平建设。</p>
<h3>参考资料</h3>
<ol>
<li><a href=""https://opendoorsdata.org/annual-release/international-students/"">IIE Open Doors / International Students</a></li>
<li><a href=""https://opendoorsdata.org/data/international-students/enrollment-trends/"">IIE Open Doors / Enrollment Trends</a></li>
<li><a href=""https://www.usa.gov/student-visa"">Get a student visa to study in the U.S. | USAGov</a></li>
<li><a href=""https://www.nafsa.org/about/about-nafsa/new-nafsa-data-reveal-international-student-economic-contributions-continue"">New NAFSA Data Reveal International Student Economic Contributions Continue to Rebound | NAFSA</a></li>
<li><a href=""https://www.forbes.com/sites/annaesakismith/2023/11/13/one-million-international-students-contributed-40-billion-to-us-economy/"">One Million International Students Contributed $40 Billion To U.S. Economy | Forbes</a></li>
</ol>
","<h3>美国留学趋势更新：2024年国际学生数据分析</h3>
<p>随着美国留学的国际学生数量的增长，美国留学逐渐呈现低龄化的趋势。目前，美国政府加强了对学生签证发放的控制，也减缓了来自国外学生数量的增长。从2004年至2016年，<a href=""https://www.forwardpathway.com/high-school-application"">美国高中申请</a>国际生人数增加了两倍多，达到近82000人。然而，根据最新的国际学生数据，最近的增长率已经有所变化。</p>
<p><img alt=""美国高中报告：中国学生高中留学趋势变缓"" src=""https://www.forwardpathway.com/wp-content/uploads/2019/09/19/美国高中报告：中国学生高中留学趋势变缓-1000x500.jpg""/></p>
<h3>签证类型及分布</h3>
<p>根据美国国土安全部学生和交流访问者项目（SEVP）的数据，国际学生可以申请以下几种签证：</p>
<ul>
<li><strong>F-1签证</strong>：用于完成K-12或大学学位课程的学术学习。</li>
<li><strong>M-1签证</strong>：用于完成职业课程的学习。</li>
<li><strong>J-1签证</strong>：用于参与美国国务院指定的交流访问者项目。</li>
</ul>
<p>国际学生主要集中在以下五个州：加利福尼亚州、纽约州、德克萨斯州、马萨诸塞州和佛罗里达州。这些州几乎占据了所有国际学生的一半。</p>
<h3>国际学生数量趋势</h3>
<p>根据国际教育协会（IIE）的最新报告，截至2023/24学年，国际学生的注册人数显示出显著增长。2023/24学年的国际学生注册人数创下了新高，反映了美国高等教育系统的韧性和对国际学生流动性的持续承诺。以下是一些关键数据：</p>
<ul>
<li><strong>国际学生来源国</strong>：53%的国际学生来自以下两个国家：中国（27%）和印度（25%）。</li>
<li><strong>各教育部门的增长</strong>：研究生注册人数增长最为显著，达到467,027人，同比增长21%。本科生注册人数也首次在五年内增长了1%。此外，43,766名国际学生从事非学位学习，增长率为28%。</li>
</ul>
<h3>主要留学国家对比</h3>
<p>国际学生对美国经济和文化环境有着重要的贡献。2022-2023学年，国际学生为美国经济贡献了超过40亿美元，并支持了超过368,000个工作岗位[5][6]。此外，国际学生还通过与美国学生的互动，提升了后者的自信心、领导能力和整体智力成长。</p>
<h3>COVID-19疫情对国际学生注册人数的影响</h3>
<p>COVID-19疫情对国际学生的注册人数产生了显著影响，但2022年显示出强劲的反弹迹象。根据SEVP的数据，2022年有近140万名F-1和M-1学生的活跃记录，比2021年增加了10%，是自2019年以来的最高记录。2022-2023学年，国际学生注册人数超过了疫情前的水平，达到1,057,188人，同比增长12%，这是40年来最快的增长速度[6]。</p>
<h3>各大学采取的具体措施</h3>
<p>为了吸引更多的国际学生，美国各大学采取了多种措施，包括：</p>
<ul>
<li><strong>加强国际招生宣传</strong>：通过举办线上线下的教育展览、讲座和研讨会，增加国际学生对美国高等教育的了解。</li>
<li><strong>提供更多奖学金和经济资助</strong>：许多大学增加了针对国际学生的奖学金和经济资助项目，以减轻他们的经济负担。</li>
<li><strong>优化签证和入学流程</strong>：简化签证申请流程，提供更多的签证指导和支持，确保国际学生能够顺利入学。</li>
<li><strong>提升校园国际化服务</strong>：通过提供多语言支持、文化适应培训和国际学生专属服务，帮助国际学生更好地适应美国的学习和生活环境。</li>
</ul>
<h3>未来展望</h3>
<p>随着COVID-19疫情的结束、友好的移民政策以及各大学积极的招生努力，国际学生的注册人数有望继续增长。国际学生不仅丰富了美国的校园生活，还通过跨文化的交流，促进了全球合作与和平建设。</p>
<h3>参考资料</h3>
<ol>
<li><a href=""https://opendoorsdata.org/annual-release/international-students/"">IIE Open Doors / International Students</a></li>
<li><a href=""https://opendoorsdata.org/data/international-students/enrollment-trends/"">IIE Open Doors / Enrollment Trends</a></li>
<li><a href=""https://www.usa.gov/student-visa"">Get a student visa to study in the U.S. | USAGov</a></li>
<li><a href=""https://www.nafsa.org/about/about-nafsa/new-nafsa-data-reveal-international-student-economic-contributions-continue"">New NAFSA Data Reveal International Student Economic Contributions Continue to Rebound | NAFSA</a></li>
<li><a href=""https://www.forbes.com/sites/annaesakismith/2023/11/13/one-million-international-students-contributed-40-billion-to-us-economy/"">One Million International Students Contributed $40 Billion To U.S. Economy | Forbes</a></li>
<li><a href=""https://www.usnews.com/education/best-global-universities/articles/international-student-numbers-in-u-s-show-fastest-growth-in-40-years"">International Student Numbers in U.S. Show Fastest Growth in 40 Years | Best Global Universities | U.S. News</a></li>
</ol>"
13399,那年花开，你在美国找到工作了吗？,那年花开，你在美国找到理想工作了吗？,"
<p>对于留学生们来说，最大的挑战也许并不是<strong><a href=""https://www.forwardpathway.com/university-application"">美国大学申请</a></strong>，不是<a href=""https://www.forwardpathway.com/32523"">美研申请</a>，也不是校园里的学习生活，而是毕业之后的找工作阶段。许多留学生都来自中产家庭，并没有什么亿万家业要回去继承。留学党们历尽千辛万苦来熬到大学毕业，几年苦读之后想获得一些在美国的工作经验再回国发展，或者通过抽取工作签证的方式留在美国。</p>



<p>在美国，每年有100多万大学生毕业，就业形势严峻。虽然赴美留学的中国学生倾向于追求高学历、好专业，但能成功找到工作的中国留学生也是凤毛麟角。近几年，美国的就业难度有倒增长的现象。由博士就业难度系数最低，硕士次之，本科生最高，开始逐渐变为，本科生就业难度最低，硕士次之，博士最高。正是因为美国就业难度在学历上的倒增长趋势越发明显，让来美国读本科的中国留学生在毕业之后在<a href=""https://www.forwardpathway.com/16139""><strong>美国找工作</strong></a>有了些许优势。</p>



<p>中国学生准备赴美留学之前应该考虑好学校位置和专业选择的问题。学校的地理位置与今后的实习以及毕业后的找工作息息相关。例如，美国东部的新泽西，中部的芝加哥，西部的硅谷和洛杉矶以及南部的佛罗里达州都是经济较发达地区，虽然在这些地区上学留学费用较高，但是相对于其他的城市，学生毕业后找到工作的可能性更大。现在<a href=""https://www.ed.gov/stem"" target=""_blank"" rel=""noreferrer noopener"" aria-label=""STEM (opens in a new tab)"">STEM</a>专业之所以热门，也正是因为从这些专业毕业就业率较高。</p>



<h2 class=""wp-block-heading"">一、留学生找工作注意事项</h2>



<p>首先，在找工作的过程中要树立良好的心态，要对自己有信心。面对HR，要能够清晰地表达自己的观点和见解。不要把语言问题当成找不到工作的借口，口语不够好就下定决心认真练习。是否能够清晰地表达自己是HR在招聘过程中重点考察的部分。</p>



<p>其次，找工作一定要提早进行。很多留学生在美国找工作很容易进入以下几个误区：<br>1、大一不看，大二不急<br>2、总以为自己有退路，没有做职业规划<br>3、以为<a rel=""noreferrer noopener"" aria-label=""GPA (opens in a new tab)"" href=""https://en.wikipedia.org/wiki/Academic_grading_in_the_United_States"" target=""_blank"">GPA</a>就是一切，其他全部抛之脑后<br>4、网申被拒，从此偃旗息鼓<br>以上的误区大家尽量避免。</p>



<h2 class=""wp-block-heading"">二、留学生在美国到底应该如何找工作</h2>



<p>还有许多留学生不知道该去哪儿找工作，也不知道应该如何准备面试，导致他们错失了找到工作机会的良机。如果留学生们能够了解在美国找工作的流程，那毕业后找工作就不会那么困难重重了。下面这6大对策，组成1个破解找工作难的解决方案。一起来看一看吧！</p>



<h3 class=""wp-block-heading"">1、参加校园招聘是首选</h3>



<p>每年的9月是招聘的高峰期。各大校园都会举行<a rel=""noreferrer noopener"" aria-label=""Career Fair (opens in a new tab)"" href=""https://en.wikipedia.org/wiki/Job_fair"" target=""_blank"">Career Fair</a>。参加<strong><a href=""https://www.forwardpathway.com/16230"">校园招聘</a></strong>的公司都是经过学校认可的，越好的学校，来的公司越正规，招聘会规模越大。同学们可以主动去学校的Career Center询问招聘会的相关信息，提早了解到要来的企业是哪些，要招聘的职位是哪些，有针对性的准备简历和自我介绍。<br></p>



<div class=""wp-block-image""><figure class=""aligncenter""><img decoding=""async"" width=""1000"" height=""500"" src=""https://www.forwardpathway.com/wp-content/uploads/2019/09/19/参加校园招聘-1000x500.jpg"" alt=""参加校园招聘"" class=""wp-image-58810"" srcset=""https://www.forwardpathway.com/wp-content/uploads/2019/09/19/参加校园招聘-1000x500.jpg 1000w, https://www.forwardpathway.com/wp-content/uploads/2019/09/19/参加校园招聘-400x200.jpg 400w, https://www.forwardpathway.com/wp-content/uploads/2019/09/19/参加校园招聘-200x100.jpg 200w, https://www.forwardpathway.com/wp-content/uploads/2019/09/19/参加校园招聘-768x384.jpg 768w, https://www.forwardpathway.com/wp-content/uploads/2019/09/19/参加校园招聘.jpg 1200w"" sizes=""(max-width: 1000px) 100vw, 1000px"" /></figure></div>



<h3 class=""wp-block-heading"">2、错过了校园招聘怎么办</h3>



<p>在美国，你会发现总有一些学生没有参加任何校园招聘也进了Google，Facebook这些令人梦寐以求的科技公司。这是因为部分公司在选拔人才的时候侧重点不同，也许进入Google的小伙伴是因为他的刷题水平高超，而不因为他参加了校园招聘。因此，在上学期间，同学们就应该提早做职业规划。</p>



<p>除了校园招聘，网申也是重要的找工作途径。留学生们在上学期间，应该多上网投递简历，并通过浏览各大公司的招聘要求，来了解自己以后工作中的所需技能，最好在入职前就get到。美国的主流招聘网站有：<a rel=""noreferrer noopener"" aria-label=""LinkedIn (opens in a new tab)"" href=""https://www.linkedin.com/"" target=""_blank"">LinkedIn</a>，Indeed，Glassdoor，Monster, <a rel=""noreferrer noopener"" aria-label=""Craiglist (opens in a new tab)"" href=""https://www.craigslist.org/"" target=""_blank"">Craiglist</a>, Internships 等等，同学们可以尽早注册账号，开始寻觅中意的职位，海投简历。<br></p>



<div class=""wp-block-image""><figure class=""aligncenter""><img decoding=""async"" width=""1000"" height=""500"" src=""https://www.forwardpathway.com/wp-content/uploads/2019/09/19/网申投简历-1000x500.jpg"" alt=""网申投简历"" class=""wp-image-58811"" srcset=""https://www.forwardpathway.com/wp-content/uploads/2019/09/19/网申投简历-1000x500.jpg 1000w, https://www.forwardpathway.com/wp-content/uploads/2019/09/19/网申投简历-400x200.jpg 400w, https://www.forwardpathway.com/wp-content/uploads/2019/09/19/网申投简历-200x100.jpg 200w, https://www.forwardpathway.com/wp-content/uploads/2019/09/19/网申投简历-768x384.jpg 768w, https://www.forwardpathway.com/wp-content/uploads/2019/09/19/网申投简历.jpg 1200w"" sizes=""(max-width: 1000px) 100vw, 1000px"" /></figure></div>



<h3 class=""wp-block-heading"">3、在美国，靠“关系”找工作一样好使</h3>



<p>无论是在美国还是在中国，熟人推荐是最快捷有效的找工作的途径。据说，美国人找工作有80%都是通过熟人介绍后才得到面试机会的。无数成功的案例表明，通过员工推荐要比直接在网上投简历更容易获得面试机会。敲黑板划重点了！同学们上学期间要有意识的建立自己的人际关系网，要经常与朋友，同学，老师保持消息互通。说不定你的下一份工作就来自这些人的口中。<br></p>



<div class=""wp-block-image""><figure class=""aligncenter""><img decoding=""async"" width=""1000"" height=""500"" src=""https://www.forwardpathway.com/wp-content/uploads/2019/09/19/找熟人内推-1000x500.jpg"" alt=""找熟人内推"" class=""wp-image-58813"" srcset=""https://www.forwardpathway.com/wp-content/uploads/2019/09/19/找熟人内推-1000x500.jpg 1000w, https://www.forwardpathway.com/wp-content/uploads/2019/09/19/找熟人内推-400x200.jpg 400w, https://www.forwardpathway.com/wp-content/uploads/2019/09/19/找熟人内推-200x100.jpg 200w, https://www.forwardpathway.com/wp-content/uploads/2019/09/19/找熟人内推-768x384.jpg 768w, https://www.forwardpathway.com/wp-content/uploads/2019/09/19/找熟人内推.jpg 1200w"" sizes=""(max-width: 1000px) 100vw, 1000px"" /></figure></div>



<h2 class=""wp-block-heading"">三、给求职学生的建议</h2>



<h3 class=""wp-block-heading"">1、积极推销自己</h3>



<p>有不少中国留学生在美国找不到工作是因为没有一份体面的简历。简历就是个人经历的说明书。一份合格的简历应该包括以下几点：</p>



<p>（1）个人信息<br>（2）教育背景<br>（3）个人经历<br>（4）个人优势<br>（5）职业发展目标</p>



<p>注意：个人简历不需要太多花哨的表达，只需一张纸！在美国，每所大学都有自己的Career Center。留学生们在找实习或者找工作的过程中可以向Career Center 寻求职业规划指导。<br></p>



<div class=""wp-block-image""><figure class=""aligncenter""><img decoding=""async"" width=""1000"" height=""500"" src=""https://www.forwardpathway.com/wp-content/uploads/2019/09/19/积极推销自己-1000x500.jpg"" alt=""积极推销自己"" class=""wp-image-58823"" srcset=""https://www.forwardpathway.com/wp-content/uploads/2019/09/19/积极推销自己-1000x500.jpg 1000w, https://www.forwardpathway.com/wp-content/uploads/2019/09/19/积极推销自己-400x200.jpg 400w, https://www.forwardpathway.com/wp-content/uploads/2019/09/19/积极推销自己-200x100.jpg 200w, https://www.forwardpathway.com/wp-content/uploads/2019/09/19/积极推销自己-768x384.jpg 768w, https://www.forwardpathway.com/wp-content/uploads/2019/09/19/积极推销自己.jpg 1200w"" sizes=""(max-width: 1000px) 100vw, 1000px"" /></figure></div>



<h3 class=""wp-block-heading"">2、写一封优质的求职信</h3>



<p>如果想让<a href=""https://en.wikipedia.org/wiki/Human_resources"" target=""_blank"" rel=""noreferrer noopener"" aria-label=""HR (opens in a new tab)"">HR</a>了解你具备某个职位的技能并且非常想得到这个工作机会，那么请不要仅仅在简历上罗列一些你与此职位无关的技能或者在求职信上重复叙与这个职位无关的信息。一份好的求职信应该具备以下几点：</p>



<p>（1）求职信的第一段要声明你应聘的该公司具体职位是什么。比如，想应聘媒体编辑这个职位，就可以这样写“I am writing to apply for Production Editor postion at ForwardPathway company. Through on-campus information session (如果是网申，可以写your official website) I learned about this position.”</p>



<p>（2）在求职信的第三段和第四段总结自己与职位相关的技能，注意，所陈述的技能一定要与职位有关。总结完你的个人技能，可以再写一段与自己的工作经历或学术经历相关的经历。在此之后，可以再加一段能够体现自己的analytical skill，communication skill之类的内容。</p>



<p>（3）求职信的最后一段要郑重强调自己为什么想要应聘这个职位，为什么渴望来这个公司工作。注意要突出你在这个职位上能给公司带来什么。<br></p>



<div class=""wp-block-image""><figure class=""aligncenter""><img decoding=""async"" width=""1000"" height=""500"" src=""https://www.forwardpathway.com/wp-content/uploads/2019/09/19/那年花开，你在美国找到工作了吗？-1000x500.jpg"" alt=""那年花开，你在美国找到工作了吗？"" class=""wp-image-58814"" srcset=""https://www.forwardpathway.com/wp-content/uploads/2019/09/19/那年花开，你在美国找到工作了吗？-1000x500.jpg 1000w, https://www.forwardpathway.com/wp-content/uploads/2019/09/19/那年花开，你在美国找到工作了吗？-400x200.jpg 400w, https://www.forwardpathway.com/wp-content/uploads/2019/09/19/那年花开，你在美国找到工作了吗？-200x100.jpg 200w, https://www.forwardpathway.com/wp-content/uploads/2019/09/19/那年花开，你在美国找到工作了吗？-768x384.jpg 768w, https://www.forwardpathway.com/wp-content/uploads/2019/09/19/那年花开，你在美国找到工作了吗？.jpg 1200w"" sizes=""(max-width: 1000px) 100vw, 1000px"" /></figure></div>



<h3 class=""wp-block-heading"">3、在面试中展现个人亮点</h3>



<p>很多公司为了提高工作效率，都会先进行电话面试然后再进入on-site面试环节，最后决定是否发出offer。留学生在接到电话面试通知后一定要提前做好准备，例如选择一个安静的环境，信号好的地方，手机充好电等。另外，在电话面试时，可以把自己的简历放在手边，如果HR问到关于简历上的一些问题，求职者可以灵活应变，保证自己的回答与简历相符。在面试结束后，要表达自己的感谢。进入On-site 面试也就意味着进入到了求职的最后一个阶段。现场面试会更灵活，因此面试时要顺着面试官的对话内容延伸更多深入的话题参与讨论，让自己脱颖而出。</p>



<p>最后，不管参加校园招聘会、网上求职还是熟人推荐，在投递完简历和求职信之后，留学生们一定要随访（follow up）。留学生在投递完简历两天后，可以给HR打电话或者发电子邮件询问一下进展。之后，就是耐心等待公司给出的消息了。<br></p>



<div class=""wp-block-image""><figure class=""aligncenter""><img decoding=""async"" width=""1000"" height=""500"" src=""https://www.forwardpathway.com/wp-content/uploads/2019/09/19/在面试中展现个人亮点-1000x500.jpg"" alt=""在面试中展现个人亮点"" class=""wp-image-58824"" srcset=""https://www.forwardpathway.com/wp-content/uploads/2019/09/19/在面试中展现个人亮点-1000x500.jpg 1000w, https://www.forwardpathway.com/wp-content/uploads/2019/09/19/在面试中展现个人亮点-400x200.jpg 400w, https://www.forwardpathway.com/wp-content/uploads/2019/09/19/在面试中展现个人亮点-200x100.jpg 200w, https://www.forwardpathway.com/wp-content/uploads/2019/09/19/在面试中展现个人亮点-768x384.jpg 768w, https://www.forwardpathway.com/wp-content/uploads/2019/09/19/在面试中展现个人亮点.jpg 1200w"" sizes=""(max-width: 1000px) 100vw, 1000px"" /></figure></div>



<h2 class=""wp-block-heading"">四、给即将要找工作的留学生的Tips</h2>



<p>1. 找工作要有耐心，而且要持之以恒。<br>2. 求职者要自信，但不要自负，更不可挑三拣四。<br>3. 赶早不赶晚，要提早准备简历和求职信。<br>4. 平时要多积攒工作经验。<br>5. 努力提高自己的交流沟通能力，良好的团队合作能力，以及灵活应变能力。</p>



<p>早起的鸟儿有虫吃，找工作拼的就是抢占先机的速度。如果你对未来充满迷茫，想更加了解<a href=""https://www.forwardpathway.com""><strong>美国留学</strong></a>的生活，欢迎关注我们的公众号：ForwardPathwayPGH, 更欢迎留言咨询我们，让我们来告诉你怎样在进行<a href=""https://www.forwardpathway.com/university-application""><strong>美国大学申请</strong></a>，合理规划学业和职业生涯，找到理想满意的工作。<br></p>

","<p>对于留学生们来说，最大的挑战也许并不是<a href=""https://www.forwardpathway.com/university-application"">美国大学申请</a>，不是<a href=""https://www.forwardpathway.com/32523"">美研申请</a>，也不是校园里的学习生活，而是毕业之后的找工作阶段。许多留学生都来自中产家庭，并没有什么亿万家业要回去继承。留学党们历尽千辛万苦来熬到大学毕业，几年苦读之后想获得一些在美国的工作经验再回国发展，或者通过抽取工作签证的方式留在美国。</p>
<p>在美国，每年有超过400万大学生毕业，就业形势严峻[1]。虽然赴美留学的中国学生倾向于追求高学历、好专业，但能成功找到工作的中国留学生也是凤毛麟角。根据最新的数据，美国的就业市场在不同学历层次的就业难度并没有明显的倒增长趋势。数据显示，拥有更高学历的求职者通常有更低的失业率。例如，2024年6月的数据表明，拥有博士学位的失业率为0.9%，而拥有学士学位的失业率为3.7%[2][3]。因此，来美国读本科的中国留学生在毕业之后在<a href=""https://www.forwardpathway.com/16139"">美国找工作</a>并没有显著的优势。</p>
<p>中国学生准备赴美留学之前应该考虑好学校位置和专业选择的问题。学校的地理位置与今后的实习以及毕业后的找工作息息相关。例如，美国东部的新泽西，中部的芝加哥，西部的硅谷和洛杉矶以及南部的佛罗里达州都是经济较发达地区，虽然在这些地区上学留学费用较高，但是相对于其他的城市，学生毕业后找到工作的可能性更大。现在<a href=""https://www.ed.gov/stem"">STEM</a>专业之所以热门，也正是因为从这些专业毕业就业率较高。</p>
<h2>一、留学生找工作注意事项</h2>
<p>首先，在找工作的过程中要树立良好的心态，要对自己有信心。面对HR，要能够清晰地表达自己的观点和见解。不要把语言问题当成找不到工作的借口，口语不够好就下定决心认真练习。是否能够清晰地表达自己是HR在招聘过程中重点考察的部分。</p>
<p>其次，找工作一定要提早进行。很多留学生在美国找工作很容易进入以下几个误区：
1. 大一不看，大二不急
2. 总以为自己有退路，没有做职业规划
3. 以为<a href=""https://en.wikipedia.org/wiki/Academic_grading_in_the_United_States"">GPA</a>就是一切，其他全部抛之脑后
4. 网申被拒，从此偃旗息鼓</p>
<p>以上的误区大家尽量避免。</p>
<h2>二、留学生在美国到底应该如何找工作</h2>
<p>还有许多留学生不知道该去哪儿找工作，也不知道应该如何准备面试，导致他们错失了找到工作机会的良机。如果留学生们能够了解在美国找工作的流程，那毕业后找工作就不会那么困难重重了。下面这6大对策，组成1个破解找工作难的解决方案。一起来看一看吧！</p>
<h3>1、参加校园招聘是首选</h3>
<p>每年的9月是招聘的高峰期。各大校园都会举行<a href=""https://en.wikipedia.org/wiki/Job_fair"">Career Fair</a>。参加<a href=""https://www.forwardpathway.com/16230"">校园招聘</a>的公司都是经过学校认可的，越好的学校，来的公司越正规，招聘会规模越大。同学们可以主动去学校的Career Center询问招聘会的相关信息，提早了解到要来的企业是哪些，要招聘的职位是哪些，有针对性的准备简历和自我介绍。</p>
<p><img alt=""参加校园招聘"" src=""https://www.forwardpathway.com/wp-content/uploads/2019/09/19/参加校园招聘-1000x500.jpg""/></p>
<h3>2、错过了校园招聘怎么办</h3>
<p>在美国，你会发现总有一些学生没有参加任何校园招聘也进了Google，Facebook这些令人梦寐以求的科技公司。这是因为部分公司在选拔人才的时候侧重点不同，也许进入Google的小伙伴是因为他的刷题水平高超，而不因为他参加了校园招聘。因此，在上学期间，同学们就应该提早做职业规划。</p>
<p>除了校园招聘，网申也是重要的找工作途径。留学生们在上学期间，应该多上网投递简历，并通过浏览各大公司的招聘要求，来了解自己以后工作中的所需技能，最好在入职前就get到。美国的主流招聘网站有：<a href=""https://www.linkedin.com/"">LinkedIn</a>，Indeed，Glassdoor，Monster, <a href=""https://www.craigslist.org/"">Craiglist</a>, Internships, <a href=""https://www.ziprecruiter.com/"">ZipRecruiter</a>, <a href=""https://www.flexjobs.com/"">FlexJobs</a>, <a href=""https://www.wellfound.com/"">Wellfound</a>, <a href=""https://www.snagajob.com/"">Snagajob</a>, 和 <a href=""https://www.usajobs.gov/"">USAJobs</a>[4][5]。</p>
<p><img alt=""网申投简历"" src=""https://www.forwardpathway.com/wp-content/uploads/2019/09/19/网申投简历-1000x500.jpg""/></p>
<h3>3、在美国，靠“关系”找工作一样好使</h3>
<p>无论是在美国还是在中国，熟人推荐是最快捷有效的找工作的途径。据说，美国人找工作有80%都是通过熟人介绍后才得到面试机会的。无数成功的案例表明，通过员工推荐要比直接在网上投简历更容易获得面试机会。敲黑板划重点了！同学们上学期间要有意识的建立自己的人际关系网，要经常与朋友，同学，老师保持消息互通。说不定你的下一份工作就来自这些人的口中。</p>
<p><img alt=""找熟人内推"" src=""https://www.forwardpathway.com/wp-content/uploads/2019/09/19/找熟人内推-1000x500.jpg""/></p>
<h2>三、给求职学生的建议</h2>
<h3>1、积极推销自己</h3>
<p>有不少中国留学生在美国找不到工作是因为没有一份体面的简历。简历就是个人经历的说明书。一份合格的简历应该包括以下几点：</p>
<p>（1）个人信息<br/>
（2）教育背景<br/>
（3）个人经历<br/>
（4）个人优势<br/>
（5）职业发展目标</p>
<p>注意：个人简历不需要太多花哨的表达，只需一张纸！在美国，每所大学都有自己的Career Center。留学生们在找实习或者找工作的过程中可以向Career Center 寻求职业规划指导。</p>
<p><img alt=""积极推销自己"" src=""https://www.forwardpathway.com/wp-content/uploads/2019/09/19/积极推销自己-1000x500.jpg""/></p>
<h3>2、写一封优质的求职信</h3>
<p>如果想让<a href=""https://en.wikipedia.org/wiki/Human_resources"">HR</a>了解你具备某个职位的技能并且非常想得到这个工作机会，那么请不要仅仅在简历上罗列一些你与此职位无关的技能或者在求职信上重复叙与这个职位无关的信息。一份好的求职信应该具备以下几点：</p>
<p>（1）求职信的第一段要声明你应聘的该公司具体职位是什么。比如，想应聘媒体编辑这个职位，就可以这样写“I am writing to apply for Production Editor postion at ForwardPathway company. Through on-campus information session (如果是网申，可以写your official website) I learned about this position.”</p>
<p>（2）在求职信的第三段和第四段总结自己与职位相关的技能，注意，所陈述的技能一定要与职位有关。总结完你的个人技能，可以再写一段与自己的工作经历或学术经历相关的经历。在此之后，可以再加一段能够体现自己的analytical skill，communication skill之类的内容。</p>
<p>（3）求职信的最后一段要郑重强调自己为什么想要应聘这个职位，为什么渴望来这个公司工作。注意要突出你在这个职位上能给公司带来什么。</p>
<p><img alt=""那年花开，你在美国找到工作了吗？"" src=""https://www.forwardpathway.com/wp-content/uploads/2019/09/19/那年花开，你在美国找到工作了吗？-1000x500.jpg""/></p>
<h3>3、在面试中展现个人亮点</h3>
<p>很多公司为了提高工作效率，都会先进行电话面试然后再进入on-site面试环节，最后决定是否发出offer。留学生在接到电话面试通知后一定要提前做好准备，例如选择一个安静的环境，信号好的地方，手机充好电等。另外，在电话面试时，可以把自己的简历放在手边，如果HR问到关于简历上的一些问题，求职者可以灵活应变，保证自己的回答与简历相符。在面试结束后，要表达自己的感谢。进入On-site 面试也就意味着进入到了求职的最后一个阶段。现场面试会更灵活，因此面试时要顺着面试官的对话内容延伸更多深入的话题参与讨论，让自己脱颖而出。</p>
<p>最后，不管参加校园招聘会、网上求职还是熟人推荐，在投递完简历和求职信之后，留学生们一定要随访（follow up）。留学生在投递完简历两天后，可以给HR打电话或者发电子邮件询问一下进展。之后，就是耐心等待公司给出的消息了。</p>
<p><img alt=""在面试中展现个人亮点"" src=""https://www.forwardpathway.com/wp-content/uploads/2019/09/19/在面试中展现个人亮点-1000x500.jpg""/></p>
<h2>四、给即将要找工作的留学生的Tips</h2>
<ol>
<li>找工作要有耐心，而且要持之以恒。  </li>
<li>求职者要自信，但不要自负，更不可挑三拣四。  </li>
<li>赶早不赶晚，要提早准备简历和求职信。  </li>
<li>平时要多积攒工作经验。  </li>
<li>努力提高自己的交流沟通能力，良好的团队合作能力，以及灵活应变能力。</li>
</ol>
<p>早起的鸟儿有虫吃，找工作拼的就是抢占先机的速度。如果你对未来充满迷茫，想更加了解<a href=""https://www.forwardpathway.com"">美国留学</a>的生活，欢迎关注我们的公众号：ForwardPathwayPGH, 更欢迎留言咨询我们，让我们来告诉你怎样在进行<a href=""https://www.forwardpathway.com/university-application"">美国大学申请</a>，合理规划学业和职业生涯，找到理想满意的工作。</p>
<hr/>
<h3>参考资料</h3>
<ol>
<li><a href=""https://research.com/universities-colleges/number-of-college-graduates"">Number of College Graduates: 2024 Race, Gender, Age &amp; State Statistics | Research.com</a></li>
<li><a href=""https://fred.stlouisfed.org/release/tables?eid=1197546&amp;rid=50"">Unemployment rate by educational attainment and age, monthly, not seasonally adjusted: 25 to 34 years | FRED | St. Louis Fed</a></li>
<li><a href=""https://www.bls.gov/careeroutlook/subject/education_level.htm"">Education level : Career Outlook: U.S. Bureau of Labor Statistics</a></li>
<li><a href=""https://www.techradar.com/best/us-job-sites"">Best job site of 2024 | TechRadar</a></li>
<li><a href=""https://www.barraiser.com/blogs/top-best-job-sites-in-the-usa-for"">Top 10 Job Sites in the USA for 2024 - BarRaiser</a></li>
</ol>"
11463,毕业即失业？有些问题，在美国大学申请之初你就应该了解,毕业率、保留率和就业前景：美国大学申请前你应该了解的关键信息,"
<p><span style=""font-weight: 400;"">在进行<a href=""https://www.forwardpathway.com/33549"">美国本科申请</a>或<a href=""https://www.forwardpathway.com/32523"">美研申请</a>之前，许多学生的父母们常问起我，哪些大学可以让自己的孩子在毕业之后有更好地发展。然而回答这个问题却十分困难，因为问题的答案过于繁琐多样。因此，我想每个学生及家庭都应该重新考虑这个问题，并寻找答案: 首先你需要了解，你的孩子究竟能从大学教育中获得什么？</span></p>



<p><span style=""font-weight: 400;"">对于一些学生来说，重要的是获得一份让事业起步的好工作。而对于另外一些学生来讲，是获得一种优质的教育和培训，在大学通过专业研究、沟通联系以及理性分析促进技能的发展，可以为学生提供多种职业方向。还有一些学生希望通过教育提升自身的各方面能力，进而可以在社会上立，成为一个具有生产力的、有自我认知且善于融入社会生活的好公民。</span><span style=""font-weight: 400;"">有一些目标是很容易作出评估的，比如大学毕业后的就业问题。因此，在申请学校之初，提前了解一所大学的毕业率、保有率等信息是十分必要的。</span></p>



<h2 class=""wp-block-heading"">一、毕业率</h2>



<p><span style=""font-weight: 400;""> 一所学校的毕业率可以给你一个大致的概念，告诉你学校从学生入学到毕业提供的支持程度。大多数学校的毕业率计算是从学生开始接受教育后的六年计算的，但更多学校愿意计算学生四年内的毕业率情况。较低的毕业率可能并不意味着那里的学校不够好或者学生素质差。 2013年在约翰森州立大学（Johnson State college）只有33.2%的学生在6年内获得了学士学位或在3年内获得了<a href=""https://en.wikipedia.org/wiki/Associate_degree"" target=""_blank"" rel=""noreferrer noopener"" aria-label=""副学士学位 (opens in a new tab)"">副学士学位</a>。 尽管这个数字远远低于美国大学的平均水平，但要注意他们的大学使命：学校致力于为“所有”福蒙特州的学生服务，并为他们提供在大学接受教育的机会。这意味着学校将要冒着一定风险，而他们的毕业率也不会被过度关注 。</span></p>



<h2 class=""wp-block-heading"">二、保留率</h2>



<p><span style=""font-weight: 400;"">同样重要的问题是，问问学校的大一学生能继续攻读大二的人数。在<a href=""https://www.forwardpathway.com/18267"">斯沃斯莫尔学院</a>(Swarthmore college)，保留率接近99%，四年内的毕业率高达91%，这二者的比率都十分高。原因也在于他们的录取率只有12%，学生都极具学习动力和热情。 同龄人可能顺利完成学业，并不保证您的孩子不会因为学校不适合而退学。更加深入的了解学校的制度和政策，确保孩子可以在第二年回到校园继续学习。</span><br></p>



<div class=""wp-block-image""><figure class=""aligncenter""><img decoding=""async"" width=""1000"" height=""500"" src=""https://www.forwardpathway.com/wp-content/uploads/2019/09/20/有些问题，在美国大学申请之初你就应该了解-1000x500.jpg"" alt=""有些问题，在美国大学申请之初你就应该了解"" class=""wp-image-59217"" srcset=""https://www.forwardpathway.com/wp-content/uploads/2019/09/20/有些问题，在美国大学申请之初你就应该了解-1000x500.jpg 1000w, https://www.forwardpathway.com/wp-content/uploads/2019/09/20/有些问题，在美国大学申请之初你就应该了解-400x200.jpg 400w, https://www.forwardpathway.com/wp-content/uploads/2019/09/20/有些问题，在美国大学申请之初你就应该了解-200x100.jpg 200w, https://www.forwardpathway.com/wp-content/uploads/2019/09/20/有些问题，在美国大学申请之初你就应该了解-768x384.jpg 768w, https://www.forwardpathway.com/wp-content/uploads/2019/09/20/有些问题，在美国大学申请之初你就应该了解.jpg 1200w"" sizes=""(max-width: 1000px) 100vw, 1000px"" /></figure></div>



<h2 class=""wp-block-heading"">三、工作安排</h2>



<p><span style=""font-weight: 400;"">几乎所有人都把大学看作是自己事业成功的踏板，但首先你需要了解就业数据的结果向你传达了什么信息。大多数就业数据来源于对应届毕业生的调查，这些调查包括问题回答率以及回答特定问题的回答情况，二者都会反映各种各样的问题。例如，一些学校会提问学生当下是否有工作，若答案是否，学校则会问他们预期在多长时间里可以找到相应的工作。生成的数据可能有些不太容易理解。当你收集这些信息时，不要单纯的看百分比；你要确切的知道这些数据反映了哪些具体信息。你也可以考虑对你感兴趣的项目进行专业方面的对比鉴定。例如，如果你对环境工程学感兴趣，<a href=""https://www.forwardpathway.com/9935"">马里兰大学college park校区</a>提供的是土木工程学士学位；而<a href=""https://www.forwardpathway.com/9686"">宾夕法尼亚州立大学</a>（Penn State）更注重环境系统工程方面。这二者的区别可能会主要影响你将来的职业方向。</span></p>



<p><span style=""font-weight: 400;"">职业发展是个个性化的过程，且对于毕业生的职业追踪十分复杂，并不是所有学校都可以提供全面的数据。因此学生在<a href=""https://www.forwardpathway.com/university-application""><strong>美国大学申请</strong></a>择校过程中通常还可以考虑除了<a href=""https://www.forwardpathway.com/ranking""><strong>美国大学排名</strong></a>之外其他校园参数，并预估所有可能的结果。美国续航教育能做到的就是尽可能地帮助学生搜集相应重要的参数，匹配学生的规划和理想，为你找到最适合的学校，最大化实现<a href=""https://www.forwardpathway.com""><strong>美国留学</strong></a>效用。</span><br></p>

","<p>在进行<a href=""https://www.forwardpathway.com/33549"">美国本科申请</a>或<a href=""https://www.forwardpathway.com/32523"">美研申请</a>之前，许多学生的父母们常问起我，哪些大学可以让自己的孩子在毕业之后有更好地发展。然而回答这个问题却十分困难，因为问题的答案过于繁琐多样。因此，我想每个学生及家庭都应该重新考虑这个问题，并寻找答案: 首先你需要了解，你的孩子究竟能从大学教育中获得什么？</p>
<p>对于一些学生来说，重要的是获得一份让事业起步的好工作。而对于另外一些学生来讲，是获得一种优质的教育和培训，在大学通过专业研究、沟通联系以及理性分析促进技能的发展，可以为学生提供多种职业方向。还有一些学生希望通过教育提升自身的各方面能力，进而可以在社会上立，成为一个具有生产力的、有自我认知且善于融入社会生活的好公民。有一些目标是很容易作出评估的，比如大学毕业后的就业问题。因此，在申请学校之初，提前了解一所大学的毕业率、保有率等信息是十分必要的。</p>
<h2>一、毕业率</h2>
<p>一所学校的毕业率可以给你一个大致的概念，告诉你学校从学生入学到毕业提供的支持程度。大多数学校的毕业率计算是从学生开始接受教育后的六年计算的，但更多学校愿意计算学生四年内的毕业率情况。较低的毕业率可能并不意味着那里的学校不够好或者学生素质差。根据最新数据，北<a href=""https://www.forwardpathway.com/8943"">佛蒙特大学</a>（Northern Vermont University，原约翰森州立大学）在四年内的毕业率为31%，六年内的毕业率为57%[1][2]。尽管这个数字低于美国大学的平均水平，但要注意他们的大学使命：学校致力于为“所有”佛蒙特州的学生服务，并为他们提供在大学接受教育的机会。这意味着学校将要冒着一定风险，而他们的毕业率也不会被过度关注。</p>
<p>为了更好地理解毕业率的重要性，我们可以参考一些知名大学的最新数据。例如，<a href=""https://www.forwardpathway.com/8425"">哈佛大学</a>（Harvard University）的六年毕业率高达97%，<a href=""https://www.forwardpathway.com/8413"">普林斯顿大学</a>（Princeton University）为90%，而<a href=""https://www.forwardpathway.com/9310"">哥伦比亚大学</a>（Columbia University）则为88%[5]。这些数据表明，顶尖大学通常拥有较高的毕业率，这与其严格的录取标准和丰富的教育资源密不可分。</p>
<h2>二、保留率</h2>
<p>同样重要的问题是，问问学校的大一学生能继续攻读大二的人数。在<a href=""https://www.forwardpathway.com/18267"">斯沃斯莫尔学院</a>（Swarthmore College），保留率接近95%，四年内的毕业率高达87%，六年内的毕业率为94%[3][4]。这二者的比率都十分高。原因也在于他们的录取率只有8%，学生都极具学习动力和热情。同龄人可能顺利完成学业，并不保证您的孩子不会因为学校不适合而退学。更加深入的了解学校的制度和政策，确保孩子可以在第二年回到校园继续学习。</p>
<p>根据美国国家教育统计中心（NCES）的数据，2019年秋季入学的四年制学位授予机构的总体保留率为82%[6]。在最具选择性的公立和私立非营利机构中，保留率分别为96%和92%。这些数据表明，选择性较高的学校通常拥有更高的保留率，这可能是因为这些学校能够提供更好的学术支持和资源。</p>
<p><img alt=""有些问题，在美国大学申请之初你就应该了解"" src=""https://www.forwardpathway.com/wp-content/uploads/2019/09/20/有些问题，在美国大学申请之初你就应该了解-1000x500.jpg""/></p>
<h2>三、工作安排</h2>
<p>几乎所有人都把大学看作是自己事业成功的踏板，但首先你需要了解就业数据的结果向你传达了什么信息。大多数就业数据来源于对应届毕业生的调查，这些调查包括问题回答率以及回答特定问题的回答情况，二者都会反映各种各样的问题。例如，一些学校会提问学生当下是否有工作，若答案是否，学校则会问他们预期在多长时间里可以找到相应的工作。生成的数据可能有些不太容易理解。当你收集这些信息时，不要单纯的看百分比；你要确切的知道这些数据反映了哪些具体信息。你也可以考虑对你感兴趣的项目进行专业方面的对比鉴定。例如，如果你对环境工程学感兴趣，<a href=""https://www.forwardpathway.com/9935"">马里兰大学College Park校区</a>提供的是土木工程学士学位；而<a href=""https://www.forwardpathway.com/9686"">宾夕法尼亚州立大学</a>（Penn State）更注重环境系统工程方面。这二者的区别可能会主要影响你将来的职业方向。</p>
<p>职业发展是个个性化的过程，且对于毕业生的职业追踪十分复杂，并不是所有学校都可以提供全面的数据。因此学生在<a href=""https://www.forwardpathway.com/university-application"">美国大学申请</a>择校过程中通常还可以考虑除了<a href=""https://www.forwardpathway.com/ranking"">美国大学排名</a>之外其他校园参数，并预估所有可能的结果。美国续航教育能做到的就是尽可能地帮助学生搜集相应重要的参数，匹配学生的规划和理想，为你找到最适合的学校，最大化实现<a href=""https://www.forwardpathway.com"">美国留学</a>效用。</p>
<h2>参考资料</h2>
<ol>
<li><a href=""https://www.prepler.com/colleges/johnson-state-college"">Johnson State College | Prepler</a></li>
<li><a href=""https://www.collegefactual.com/colleges/johnson-state-college/"">Northern Vermont University Overview | College Factual</a></li>
<li><a href=""https://research.com/best-colleges/swarthmore-college/graduation-rate-and-career"">Swarthmore College Graduation Rate &amp; Career Outcomes 2024 | Research.com</a></li>
<li><a href=""https://www.collegefactual.com/colleges/swarthmore-college/academic-life/graduation-and-retention/"">Swarthmore College Graduation Rate &amp; Retention Rate | College Factual</a></li>
<li><a href=""https://collegesofdistinction.com/advice/45-best-college-graduation-rates/"">45 Best College Graduation Rates for 2024 | Colleges of Distinction</a></li>
<li><a href=""https://nces.ed.gov/programs/coe/indicator/ctr/undergrad-retention-graduation"">COE - Undergraduate Retention and Graduation Rates | NCES</a></li>
</ol>"
9104,美国大学双录取申请的关键误区,美国大学双录取申请的关键注意事项,"<h3>美国大学申请双录取需要避免的误区</h3>
<p>美国大学双录取近年来越来越受欢迎，其录取要求比正常录取的要求较低，主要针对其他背景条件较好但没有语言成绩或者语言成绩较差的学生。美国大学之所以对语言成绩要求严格，是为了保证不影响到教学效果，保障学生的学习质量。学生入学之后，先在该学校的语言中心学习语言，等语言考试通过之后，即可直接进入本科阶段的学习。学生在<a href=""https://www.forwardpathway.com/university-application"">美国大学申请</a>时会收到学校发出的两份录取通知书，一份是美国大学的正式录取通知书，一份是该所大学语言学校的录取通知，故名为“双录取”。那么，申请美国大学双录取的时候需要注意避免哪些误区呢？</p>
<h3>一、根据排名选择学校</h3>
<p>大多数申请者在申请时以排名作为决定因素，其实在选择学校时，不仅仅要考虑<a href=""https://www.forwardpathway.com/ranking"">美国大学排名</a>，还要考虑学校所处的地理位置、消费水平、气候环境、生活质量等等。同时，美国大学双录取还需要考虑从语言学校毕业的难易程度。部分学校虽然提供双录取，但是其语言学校的升学率较低。例如，根据EdSource的报道，加州州立大学（California State University, CSU）系统的双录取项目中，某些专业的升学率较低[1]。因此，虽然排名很高，申请者也应慎重选择。</p>
<h3>二、只要读完语言课程就能直接升入本科</h3>
<p>每所接受双录取的学校对于学生从语言课程升入本科课程的政策都不同，申请者在选择学校之前应详细了解该所学校的过渡规则。一般来说，只要满足以下两个条件中的一个就可以从语言课程直接升入本科：</p>
<ol>
<li>学生在语言学校完成规定级别的语言课程，并且达到规定的考试分数。</li>
<li>学生在语言学校学习的时候完成了入学所要求的托福或者雅思成绩。</li>
</ol>
<p>由此可见，并不是所有的学生都能在完成课程之后就能升入本科学习，越是优秀的大学，越要求学生达到一定的语言水平之后才能够继续读书。但是部分学校允许学生选修一部分本科课程，节约了时间和金钱成本。例如，<a href=""https://www.forwardpathway.com/13213"">诺瓦东南大学</a>（Nova Southeastern University, NSU）提供的双录取项目允许学生在完成语言课程的同时选修部分本科课程，从而加快学位完成的进度[2]。</p>
<p><img decoding=""async"" alt=""美国大学申请双录取需要避免的误区"" src=""https://www.forwardpathway.com/wp-content/uploads/2019/09/24/美国大学申请双录取需要避免的误区-1000x500.jpg""/></p>
<h3>三、适合申请美国大学双录取的学生</h3>
<p>虽然美国大学双录取作为一种新兴的录取方式，但依旧对于申请者有比较高的条件要求。那么到底哪些学生适合申请美国大学双录取呢？下面小编就为各位申请者总结一下。</p>
<ol>
<li>在校期间成绩非常优秀，但确实因为功课繁忙而没有时间来准备语言考试的学生。这类学生既想来美国留学，又不愿意放弃高考，但是因为功课繁忙无法准备语言考试，比较适合考虑双录取的途径。</li>
<li>较晚决定出国的学生。这类学生没有提前做好出国留学的准备，马上面临毕业或者已经毕业，临时决定想要出国，错过了正常申请美国大学的时间。部分提供双录取的学校申请截止日期较晚，适合学生进行申请。</li>
</ol>
<p>如果想要了解更多关于美国大学申请双录取的信息，欢迎咨询美国留学中介机构美国续航教育的老师。续航教育为学生定制个性化申请方法，帮助每位学生都能申请到理想大学。</p>
<h3>参考资料</h3>
<ol>
<li><a href=""https://edsource.org/2024/dual-admission-programs-a-tool-for-addressing-states-transfer-challenges-panel-says/710555"">Dual admission programs a tool for addressing state’s transfer challenges, panel says | EdSource</a></li>
<li><a href=""https://undergrad.nova.edu/academics/premier-programs/dual-admission/index.html"">Dual Admission | Nova Southeastern University</a></li>
<li><a href=""https://www.bw.edu/undergraduate-admission/transfer/dual-admission/"">Dual Admission | Baldwin Wallace University</a></li>
</ol>
","<h3>美国大学申请双录取需要避免的误区</h3>
<p>美国大学双录取近年来越来越受欢迎，其录取要求比正常录取的要求较低，主要针对其他背景条件较好但没有语言成绩或者语言成绩较差的学生。美国大学之所以对语言成绩要求严格，是为了保证不影响到教学效果，保障学生的学习质量。学生入学之后，先在该学校的语言中心学习语言，等语言考试通过之后，即可直接进入本科阶段的学习。学生在<a href=""https://www.forwardpathway.com/university-application"">美国大学申请</a>时会收到学校发出的两份录取通知书，一份是美国大学的正式录取通知书，一份是该所大学语言学校的录取通知，故名为“双录取”。那么，申请美国大学双录取的时候需要注意避免哪些误区呢？</p>
<h3>一、根据排名选择学校</h3>
<p>大多数申请者在申请时以排名作为决定因素，其实在选择学校时，不仅仅要考虑<a href=""https://www.forwardpathway.com/ranking"">美国大学排名</a>，还要考虑学校所处的地理位置、消费水平、气候环境、生活质量等等。同时，美国大学双录取还需要考虑从语言学校毕业的难易程度。部分学校虽然提供双录取，但是其语言学校的升学率较低。例如，根据EdSource的报道，加州州立大学（California State University, CSU，加州州立大学）系统的双录取项目中，某些专业的升学率有所提高[1]。因此，虽然排名很高，申请者也应慎重选择。</p>
<h3>二、只要读完语言课程就能直接升入本科</h3>
<p>每所接受双录取的学校对于学生从语言课程升入本科课程的政策都不同，申请者在选择学校之前应详细了解该所学校的过渡规则。一般来说，只要满足以下两个条件中的一个就可以从语言课程直接升入本科：</p>
<ol>
<li>学生在语言学校完成规定级别的语言课程，并且达到规定的考试分数。</li>
<li>学生在语言学校学习的时候完成了入学所要求的托福或者雅思成绩。</li>
</ol>
<p>由此可见，并不是所有的学生都能在完成课程之后就能升入本科学习，越是优秀的大学，越要求学生达到一定的语言水平之后才能够继续读书。但是部分学校允许学生选修一部分本科课程，节约了时间和金钱成本。例如，<a href=""https://www.forwardpathway.com/13213"">诺瓦东南大学</a>（Nova Southeastern University, NSU，<a href=""https://www.forwardpathway.com/13213"">诺瓦东南大学</a>）提供的双录取项目允许学生在完成语言课程的同时选修部分本科课程，从而加快学位完成的进度[2]。具体来说，NSU的双录取项目提供了多种专业选择，包括会计、临床心理学、计算机科学等。学生在完成语言课程的同时，可以选修这些专业的本科课程，提前为未来的职业生涯做好准备[3]。</p>
<p><img alt=""美国大学申请双录取需要避免的误区"" src=""https://www.forwardpathway.com/wp-content/uploads/2019/09/24/美国大学申请双录取需要避免的误区-1000x500.jpg""/></p>
<h3>三、适合申请美国大学双录取的学生</h3>
<p>虽然美国大学双录取作为一种新兴的录取方式，但依旧对于申请者有比较高的条件要求。那么到底哪些学生适合申请美国大学双录取呢？下面小编就为各位申请者总结一下。</p>
<ol>
<li><strong>在校期间成绩非常优秀，但确实因为功课繁忙而没有时间来准备语言考试的学生</strong>。这类学生既想来美国留学，又不愿意放弃高考，但是因为功课繁忙无法准备语言考试，比较适合考虑双录取的途径。</li>
<li><strong>较晚决定出国的学生</strong>。这类学生没有提前做好出国留学的准备，马上面临毕业或者已经毕业，临时决定想要出国，错过了正常申请美国大学的时间。部分提供双录取的学校申请截止日期较晚，适合学生进行申请。</li>
<li><strong>家庭经济状况较好的学生</strong>。双录取项目通常需要额外的语言课程费用，因此家庭经济状况较好的学生更适合申请这类项目。</li>
<li><strong>有明确职业规划的学生</strong>。一些双录取项目允许学生在语言学习期间选修本科课程，这对于有明确职业规划的学生来说是一个很好的机会，可以提前为未来的职业生涯做好准备。</li>
</ol>
<p>如果想要了解更多关于<a href=""https://www.forwardpathway.com/university-application"">美国大学申请</a>双录取的信息，欢迎咨询美国留学中介机构美国续航教育的老师。续航教育为学生定制个性化申请方法，帮助每位学生都能申请到理想大学。</p>
<h3>参考资料</h3>
<ol>
<li><a href=""https://edsource.org/2024/dual-admission-programs-a-tool-for-addressing-states-transfer-challenges-panel-says/710555"">Dual admission programs a tool for addressing state’s transfer challenges, panel says | EdSource</a></li>
<li><a href=""https://undergrad.nova.edu/academics/premier-programs/dual-admission/index.html"">Dual Admission | Nova Southeastern University</a></li>
<li><a href=""https://www.calstate.edu/csu-system/news/Pages/CSU-Transfer-Planner-Allows-Eligible-Students-to-Enroll-in-Dual-Admission-Program.aspx"">New CSU Transfer Planner Allows Eligible Students to Enroll in CSU’s Dual Admission Program | CSU</a></li>
</ol>"
9104,美国大学双录取申请的关键注意事项,美国大学双录取申请的关键注意事项及误区,"<h3>美国大学申请双录取需要避免的误区</h3>
<p>美国大学双录取近年来越来越受欢迎，其录取要求比正常录取的要求较低，主要针对其他背景条件较好但没有语言成绩或者语言成绩较差的学生。美国大学之所以对语言成绩要求严格，是为了保证不影响到教学效果，保障学生的学习质量。学生入学之后，先在该学校的语言中心学习语言，等语言考试通过之后，即可直接进入本科阶段的学习。学生在<a href=""https://www.forwardpathway.com/university-application"">美国大学申请</a>时会收到学校发出的两份录取通知书，一份是美国大学的正式录取通知书，一份是该所大学语言学校的录取通知，故名为“双录取”。那么，申请美国大学双录取的时候需要注意避免哪些误区呢？</p>
<h3>一、根据排名选择学校</h3>
<p>大多数申请者在申请时以排名作为决定因素，其实在选择学校时，不仅仅要考虑<a href=""https://www.forwardpathway.com/ranking"">美国大学排名</a>，还要考虑学校所处的地理位置、消费水平、气候环境、生活质量等等。同时，美国大学双录取还需要考虑从语言学校毕业的难易程度。部分学校虽然提供双录取，但是其语言学校的升学率较低。例如，根据EdSource的报道，加州州立大学（California State University, CSU，加州州立大学）系统的双录取项目中，某些专业的升学率有所提高[1]。因此，虽然排名很高，申请者也应慎重选择。</p>
<h3>二、只要读完语言课程就能直接升入本科</h3>
<p>每所接受双录取的学校对于学生从语言课程升入本科课程的政策都不同，申请者在选择学校之前应详细了解该所学校的过渡规则。一般来说，只要满足以下两个条件中的一个就可以从语言课程直接升入本科：</p>
<ol>
<li>学生在语言学校完成规定级别的语言课程，并且达到规定的考试分数。</li>
<li>学生在语言学校学习的时候完成了入学所要求的托福或者雅思成绩。</li>
</ol>
<p>由此可见，并不是所有的学生都能在完成课程之后就能升入本科学习，越是优秀的大学，越要求学生达到一定的语言水平之后才能够继续读书。但是部分学校允许学生选修一部分本科课程，节约了时间和金钱成本。例如，<a href=""https://www.forwardpathway.com/13213"">诺瓦东南大学</a>（Nova Southeastern University, NSU，<a href=""https://www.forwardpathway.com/13213"">诺瓦东南大学</a>）提供的双录取项目允许学生在完成语言课程的同时选修部分本科课程，从而加快学位完成的进度[2]。具体来说，NSU的双录取项目提供了多种专业选择，包括会计、临床心理学、计算机科学等。学生在完成语言课程的同时，可以选修这些专业的本科课程，提前为未来的职业生涯做好准备[3]。</p>
<p><img decoding=""async"" alt=""美国大学申请双录取需要避免的误区"" src=""https://www.forwardpathway.com/wp-content/uploads/2019/09/24/美国大学申请双录取需要避免的误区-1000x500.jpg""/></p>
<h3>三、适合申请美国大学双录取的学生</h3>
<p>虽然美国大学双录取作为一种新兴的录取方式，但依旧对于申请者有比较高的条件要求。那么到底哪些学生适合申请美国大学双录取呢？下面小编就为各位申请者总结一下。</p>
<ol>
<li><strong>在校期间成绩非常优秀，但确实因为功课繁忙而没有时间来准备语言考试的学生</strong>。这类学生既想来美国留学，又不愿意放弃高考，但是因为功课繁忙无法准备语言考试，比较适合考虑双录取的途径。</li>
<li><strong>较晚决定出国的学生</strong>。这类学生没有提前做好出国留学的准备，马上面临毕业或者已经毕业，临时决定想要出国，错过了正常申请美国大学的时间。部分提供双录取的学校申请截止日期较晚，适合学生进行申请。</li>
<li><strong>家庭经济状况较好的学生</strong>。双录取项目通常需要额外的语言课程费用，因此家庭经济状况较好的学生更适合申请这类项目。</li>
<li><strong>有明确职业规划的学生</strong>。一些双录取项目允许学生在语言学习期间选修本科课程，这对于有明确职业规划的学生来说是一个很好的机会，可以提前为未来的职业生涯做好准备。</li>
</ol>
<p>如果想要了解更多关于<a href=""https://www.forwardpathway.com/university-application"">美国大学申请</a>双录取的信息，欢迎咨询美国留学中介机构美国续航教育的老师。续航教育为学生定制个性化申请方法，帮助每位学生都能申请到理想大学。</p>
<h3>参考资料</h3>
<ol>
<li><a href=""https://edsource.org/2024/dual-admission-programs-a-tool-for-addressing-states-transfer-challenges-panel-says/710555"">Dual admission programs a tool for addressing state’s transfer challenges, panel says | EdSource</a></li>
<li><a href=""https://undergrad.nova.edu/academics/premier-programs/dual-admission/index.html"">Dual Admission | Nova Southeastern University</a></li>
<li><a href=""https://www.calstate.edu/csu-system/news/Pages/CSU-Transfer-Planner-Allows-Eligible-Students-to-Enroll-in-Dual-Admission-Program.aspx"">New CSU Transfer Planner Allows Eligible Students to Enroll in CSU’s Dual Admission Program | CSU</a></li>
</ol>
","<h3>美国大学双录取申请的关键注意事项</h3>
<h4>美国大学申请双录取需要避免的误区</h4>
<p>美国大学双录取近年来越来越受欢迎，其录取要求比正常录取的要求较低，主要针对其他背景条件较好但没有语言成绩或者语言成绩较差的学生。美国大学之所以对语言成绩要求严格，是为了保证不影响到教学效果，保障学生的学习质量。学生入学之后，先在该学校的语言中心学习语言，等语言考试通过之后，即可直接进入本科阶段的学习。学生在<a href=""https://www.forwardpathway.com/university-application"">美国大学申请</a>时会收到学校发出的两份录取通知书，一份是美国大学的正式录取通知书，一份是该所大学语言学校的录取通知，故名为“双录取”。那么，申请美国大学双录取的时候需要注意避免哪些误区呢？</p>
<h4>一、根据排名选择学校</h4>
<p>大多数申请者在申请时以排名作为决定因素，其实在选择学校时，不仅仅要考虑<a href=""https://www.forwardpathway.com/ranking"">美国大学排名</a>，还要考虑学校所处的地理位置、消费水平、气候环境、生活质量等等。同时，美国大学双录取还需要考虑从语言学校毕业的难易程度。部分学校虽然提供双录取，但是其语言学校的升学率较低。例如，根据EdSource的报道，加州州立大学（California State University, CSU，加州州立大学）系统的双录取项目中，某些专业的升学率有所提高[1]。因此，虽然排名很高，申请者也应慎重选择。</p>
<h4>二、只要读完语言课程就能直接升入本科</h4>
<p>每所接受双录取的学校对于学生从语言课程升入本科课程的政策都不同，申请者在选择学校之前应详细了解该所学校的过渡规则。一般来说，只要满足以下两个条件中的一个就可以从语言课程直接升入本科：</p>
<ol>
<li>学生在语言学校完成规定级别的语言课程，并且达到规定的考试分数。</li>
<li>学生在语言学校学习的时候完成了入学所要求的托福或者雅思成绩。</li>
</ol>
<p>由此可见，并不是所有的学生都能在完成课程之后就能升入本科学习，越是优秀的大学，越要求学生达到一定的语言水平之后才能够继续读书。但是部分学校允许学生选修一部分本科课程，节约了时间和金钱成本。例如，<a href=""https://www.forwardpathway.com/13213"">诺瓦东南大学</a>（Nova Southeastern University, NSU，<a href=""https://www.forwardpathway.com/13213"">诺瓦东南大学</a>）提供的双录取项目允许学生在完成语言课程的同时选修部分本科课程，从而加快学位完成的进度[2]。具体来说，NSU的双录取项目提供了多种专业选择，包括会计、临床心理学、计算机科学等。学生在完成语言课程的同时，可以选修这些专业的本科课程，提前为未来的职业生涯做好准备[3]。</p>
<p><img alt=""美国大学申请双录取需要避免的误区"" src=""https://www.forwardpathway.com/wp-content/uploads/2019/09/24/美国大学申请双录取需要避免的误区-1000x500.jpg""/></p>
<h4>三、适合申请美国大学双录取的学生</h4>
<p>虽然美国大学双录取作为一种新兴的录取方式，但依旧对于申请者有比较高的条件要求。那么到底哪些学生适合申请美国大学双录取呢？下面小编就为各位申请者总结一下。</p>
<ol>
<li><strong>在校期间成绩非常优秀，但确实因为功课繁忙而没有时间来准备语言考试的学生</strong>。这类学生既想来美国留学，又不愿意放弃高考，但是因为功课繁忙无法准备语言考试，比较适合考虑双录取的途径。</li>
<li><strong>较晚决定出国的学生</strong>。这类学生没有提前做好出国留学的准备，马上面临毕业或者已经毕业，临时决定想要出国，错过了正常申请美国大学的时间。部分提供双录取的学校申请截止日期较晚，适合学生进行申请。</li>
<li><strong>家庭经济状况较好的学生</strong>。双录取项目通常需要额外的语言课程费用，因此家庭经济状况较好的学生更适合申请这类项目。</li>
<li><strong>有明确职业规划的学生</strong>。一些双录取项目允许学生在语言学习期间选修本科课程，这对于有明确职业规划的学生来说是一个很好的机会，可以提前为未来的职业生涯做好准备。</li>
</ol>
<p>如果想要了解更多关于<a href=""https://www.forwardpathway.com/university-application"">美国大学申请</a>双录取的信息，欢迎咨询美国留学中介机构美国续航教育的老师。续航教育为学生定制个性化申请方法，帮助每位学生都能申请到理想大学。</p>
<h3>参考资料</h3>
<ol>
<li><a href=""https://edsource.org/2024/dual-admission-programs-a-tool-for-addressing-states-transfer-challenges-panel-says/710555"">Dual admission programs a tool for addressing state’s transfer challenges, panel says | EdSource</a></li>
<li><a href=""https://undergrad.nova.edu/academics/premier-programs/dual-admission/index.html"">Dual Admission | Nova Southeastern University</a></li>
<li><a href=""https://www.calstate.edu/csu-system/news/Pages/CSU-Transfer-Planner-Allows-Eligible-Students-to-Enroll-in-Dual-Admission-Program.aspx"">New CSU Transfer Planner Allows Eligible Students to Enroll in CSU’s Dual Admission Program | CSU</a></li>
</ol>"
9104,美国大学双录取申请的关键注意事项及误区,美国大学双录取申请的关键注意事项及误区解析,"<h3>美国大学双录取申请的关键注意事项</h3>
<h4>美国大学申请双录取需要避免的误区</h4>
<p>美国大学双录取近年来越来越受欢迎，其录取要求比正常录取的要求较低，主要针对其他背景条件较好但没有语言成绩或者语言成绩较差的学生。美国大学之所以对语言成绩要求严格，是为了保证不影响到教学效果，保障学生的学习质量。学生入学之后，先在该学校的语言中心学习语言，等语言考试通过之后，即可直接进入本科阶段的学习。学生在<a href=""https://www.forwardpathway.com/university-application"">美国大学申请</a>时会收到学校发出的两份录取通知书，一份是美国大学的正式录取通知书，一份是该所大学语言学校的录取通知，故名为“双录取”。那么，申请美国大学双录取的时候需要注意避免哪些误区呢？</p>
<h4>一、根据排名选择学校</h4>
<p>大多数申请者在申请时以排名作为决定因素，其实在选择学校时，不仅仅要考虑<a href=""https://www.forwardpathway.com/ranking"">美国大学排名</a>，还要考虑学校所处的地理位置、消费水平、气候环境、生活质量等等。同时，美国大学双录取还需要考虑从语言学校毕业的难易程度。部分学校虽然提供双录取，但是其语言学校的升学率较低。例如，根据EdSource的报道，加州州立大学（California State University, CSU，加州州立大学）系统的双录取项目中，某些专业的升学率有所提高[1]。因此，虽然排名很高，申请者也应慎重选择。</p>
<h4>二、只要读完语言课程就能直接升入本科</h4>
<p>每所接受双录取的学校对于学生从语言课程升入本科课程的政策都不同，申请者在选择学校之前应详细了解该所学校的过渡规则。一般来说，只要满足以下两个条件中的一个就可以从语言课程直接升入本科：</p>
<ol>
<li>学生在语言学校完成规定级别的语言课程，并且达到规定的考试分数。</li>
<li>学生在语言学校学习的时候完成了入学所要求的托福或者雅思成绩。</li>
</ol>
<p>由此可见，并不是所有的学生都能在完成课程之后就能升入本科学习，越是优秀的大学，越要求学生达到一定的语言水平之后才能够继续读书。但是部分学校允许学生选修一部分本科课程，节约了时间和金钱成本。例如，<a href=""https://www.forwardpathway.com/13213"">诺瓦东南大学</a>（Nova Southeastern University, NSU，<a href=""https://www.forwardpathway.com/13213"">诺瓦东南大学</a>）提供的双录取项目允许学生在完成语言课程的同时选修部分本科课程，从而加快学位完成的进度[2]。具体来说，NSU的双录取项目提供了多种专业选择，包括会计、临床心理学、计算机科学等。学生在完成语言课程的同时，可以选修这些专业的本科课程，提前为未来的职业生涯做好准备[3]。</p>
<p><img decoding=""async"" alt=""美国大学申请双录取需要避免的误区"" src=""https://www.forwardpathway.com/wp-content/uploads/2019/09/24/美国大学申请双录取需要避免的误区-1000x500.jpg""/></p>
<h4>三、适合申请美国大学双录取的学生</h4>
<p>虽然美国大学双录取作为一种新兴的录取方式，但依旧对于申请者有比较高的条件要求。那么到底哪些学生适合申请美国大学双录取呢？下面小编就为各位申请者总结一下。</p>
<ol>
<li><strong>在校期间成绩非常优秀，但确实因为功课繁忙而没有时间来准备语言考试的学生</strong>。这类学生既想来美国留学，又不愿意放弃高考，但是因为功课繁忙无法准备语言考试，比较适合考虑双录取的途径。</li>
<li><strong>较晚决定出国的学生</strong>。这类学生没有提前做好出国留学的准备，马上面临毕业或者已经毕业，临时决定想要出国，错过了正常申请美国大学的时间。部分提供双录取的学校申请截止日期较晚，适合学生进行申请。</li>
<li><strong>家庭经济状况较好的学生</strong>。双录取项目通常需要额外的语言课程费用，因此家庭经济状况较好的学生更适合申请这类项目。</li>
<li><strong>有明确职业规划的学生</strong>。一些双录取项目允许学生在语言学习期间选修本科课程，这对于有明确职业规划的学生来说是一个很好的机会，可以提前为未来的职业生涯做好准备。</li>
</ol>
<p>如果想要了解更多关于<a href=""https://www.forwardpathway.com/university-application"">美国大学申请</a>双录取的信息，欢迎咨询美国留学中介机构美国续航教育的老师。续航教育为学生定制个性化申请方法，帮助每位学生都能申请到理想大学。</p>
<h3>参考资料</h3>
<ol>
<li><a href=""https://edsource.org/2024/dual-admission-programs-a-tool-for-addressing-states-transfer-challenges-panel-says/710555"">Dual admission programs a tool for addressing state’s transfer challenges, panel says | EdSource</a></li>
<li><a href=""https://undergrad.nova.edu/academics/premier-programs/dual-admission/index.html"">Dual Admission | Nova Southeastern University</a></li>
<li><a href=""https://www.calstate.edu/csu-system/news/Pages/CSU-Transfer-Planner-Allows-Eligible-Students-to-Enroll-in-Dual-Admission-Program.aspx"">New CSU Transfer Planner Allows Eligible Students to Enroll in CSU’s Dual Admission Program | CSU</a></li>
</ol>
","<h3>美国大学双录取申请的关键注意事项及误区</h3>
<h4>美国大学双录取申请的关键注意事项</h4>
<p>美国大学双录取近年来越来越受欢迎，其录取要求比正常录取的要求较低，主要针对其他背景条件较好但没有语言成绩或者语言成绩较差的学生。美国大学之所以对语言成绩要求严格，是为了保证不影响到教学效果，保障学生的学习质量。学生入学之后，先在该学校的语言中心学习语言，等语言考试通过之后，即可直接进入本科阶段的学习。学生在<a href=""https://www.forwardpathway.com/university-application"">美国大学申请</a>时会收到学校发出的两份录取通知书，一份是美国大学的正式录取通知书，一份是该所大学语言学校的录取通知，故名为“双录取”。那么，申请美国大学双录取的时候需要注意避免哪些误区呢？</p>
<h4>一、根据排名选择学校</h4>
<p>大多数申请者在申请时以排名作为决定因素，其实在选择学校时，不仅仅要考虑<a href=""https://www.forwardpathway.com/ranking"">美国大学排名</a>，还要考虑学校所处的地理位置、消费水平、气候环境、生活质量等等。同时，美国大学双录取还需要考虑从语言学校毕业的难易程度。部分学校虽然提供双录取，但是其语言学校的升学率较低。例如，根据EdSource的报道，加州州立大学（California State University, CSU，加州州立大学）系统的双录取项目中，某些专业的升学率有所提高[1]。根据最新数据，CSU的Transfer Success Pathway项目在2023年秋季启动，首批有2000名学生参与[2]。因此，虽然排名很高，申请者也应慎重选择。</p>
<h4>二、只要读完语言课程就能直接升入本科</h4>
<p>每所接受双录取的学校对于学生从语言课程升入本科课程的政策都不同，申请者在选择学校之前应详细了解该所学校的过渡规则。一般来说，只要满足以下两个条件中的一个就可以从语言课程直接升入本科：</p>
<ol>
<li>学生在语言学校完成规定级别的语言课程，并且达到规定的考试分数。</li>
<li>学生在语言学校学习的时候完成了入学所要求的托福或者雅思成绩。</li>
</ol>
<p>由此可见，并不是所有的学生都能在完成课程之后就能升入本科学习，越是优秀的大学，越要求学生达到一定的语言水平之后才能够继续读书。但是部分学校允许学生选修一部分本科课程，节约了时间和金钱成本。例如，<a href=""https://www.forwardpathway.com/13213"">诺瓦东南大学</a>（Nova Southeastern University, NSU，<a href=""https://www.forwardpathway.com/13213"">诺瓦东南大学</a>）提供的双录取项目允许学生在完成语言课程的同时选修部分本科课程，从而加快学位完成的进度[3]。具体来说，NSU的双录取项目提供了多种专业选择，包括会计、临床心理学、计算机科学等。学生在完成语言课程的同时，可以选修这些专业的本科课程，提前为未来的职业生涯做好准备[4]。</p>
<p><img alt=""美国大学申请双录取需要避免的误区"" src=""https://www.forwardpathway.com/wp-content/uploads/2019/09/24/美国大学申请双录取需要避免的误区-1000x500.jpg""/></p>
<h4>三、适合申请美国大学双录取的学生</h4>
<p>虽然美国大学双录取作为一种新兴的录取方式，但依旧对于申请者有比较高的条件要求。那么到底哪些学生适合申请美国大学双录取呢？下面小编就为各位申请者总结一下。</p>
<ol>
<li><strong>在校期间成绩非常优秀，但确实因为功课繁忙而没有时间来准备语言考试的学生</strong>。这类学生既想来美国留学，又不愿意放弃高考，但是因为功课繁忙无法准备语言考试，比较适合考虑双录取的途径。</li>
<li><strong>较晚决定出国的学生</strong>。这类学生没有提前做好出国留学的准备，马上面临毕业或者已经毕业，临时决定想要出国，错过了正常申请美国大学的时间。部分提供双录取的学校申请截止日期较晚，适合学生进行申请。</li>
<li><strong>家庭经济状况较好的学生</strong>。双录取项目通常需要额外的语言课程费用，因此家庭经济状况较好的学生更适合申请这类项目。</li>
<li><strong>有明确职业规划的学生</strong>。一些双录取项目允许学生在语言学习期间选修本科课程，这对于有明确职业规划的学生来说是一个很好的机会，可以提前为未来的职业生涯做好准备。</li>
</ol>
<p>如果想要了解更多关于<a href=""https://www.forwardpathway.com/university-application"">美国大学申请</a>双录取的信息，欢迎咨询美国留学中介机构美国续航教育的老师。续航教育为学生定制个性化申请方法，帮助每位学生都能申请到理想大学。</p>
<h3>参考资料</h3>
<ol>
<li><a href=""https://edsource.org/2024/dual-admission-programs-a-tool-for-addressing-states-transfer-challenges-panel-says/710555"">Dual admission programs a tool for addressing state’s transfer challenges, panel says | EdSource</a></li>
<li><a href=""https://www.calstate.edu/csu-system/news/Pages/CSU-Transfer-Planner-Allows-Eligible-Students-to-Enroll-in-Dual-Admission-Program.aspx"">New CSU Transfer Planner Allows Eligible Students to Enroll in CSU’s Dual Admission Program | CSU</a></li>
<li><a href=""https://undergrad.nova.edu/academics/premier-programs/dual-admission/index.html"">Dual Admission | Nova Southeastern University</a></li>
<li><a href=""https://www.nova.edu/undergraduatestudies/dual-admit/index.html"">Dual Admission Program | Nova Southeastern University</a></li>
</ol>"
9104,美国大学双录取申请的关键注意事项及误区解析,美国大学双录取申请的关键注意事项及误区解析详解,"<h3>美国大学双录取申请的关键注意事项及误区</h3>
<h4>美国大学双录取申请的关键注意事项</h4>
<p>美国大学双录取近年来越来越受欢迎，其录取要求比正常录取的要求较低，主要针对其他背景条件较好但没有语言成绩或者语言成绩较差的学生。美国大学之所以对语言成绩要求严格，是为了保证不影响到教学效果，保障学生的学习质量。学生入学之后，先在该学校的语言中心学习语言，等语言考试通过之后，即可直接进入本科阶段的学习。学生在<a href=""https://www.forwardpathway.com/university-application"">美国大学申请</a>时会收到学校发出的两份录取通知书，一份是美国大学的正式录取通知书，一份是该所大学语言学校的录取通知，故名为“双录取”。那么，申请美国大学双录取的时候需要注意避免哪些误区呢？</p>
<h4>一、根据排名选择学校</h4>
<p>大多数申请者在申请时以排名作为决定因素，其实在选择学校时，不仅仅要考虑<a href=""https://www.forwardpathway.com/ranking"">美国大学排名</a>，还要考虑学校所处的地理位置、消费水平、气候环境、生活质量等等。同时，美国大学双录取还需要考虑从语言学校毕业的难易程度。部分学校虽然提供双录取，但是其语言学校的升学率较低。例如，根据EdSource的报道，加州州立大学（California State University, CSU，加州州立大学）系统的双录取项目中，某些专业的升学率有所提高[1]。根据最新数据，CSU的Transfer Success Pathway项目在2023年秋季启动，首批有2000名学生参与[2]。因此，虽然排名很高，申请者也应慎重选择。</p>
<h4>二、只要读完语言课程就能直接升入本科</h4>
<p>每所接受双录取的学校对于学生从语言课程升入本科课程的政策都不同，申请者在选择学校之前应详细了解该所学校的过渡规则。一般来说，只要满足以下两个条件中的一个就可以从语言课程直接升入本科：</p>
<ol>
<li>学生在语言学校完成规定级别的语言课程，并且达到规定的考试分数。</li>
<li>学生在语言学校学习的时候完成了入学所要求的托福或者雅思成绩。</li>
</ol>
<p>由此可见，并不是所有的学生都能在完成课程之后就能升入本科学习，越是优秀的大学，越要求学生达到一定的语言水平之后才能够继续读书。但是部分学校允许学生选修一部分本科课程，节约了时间和金钱成本。例如，<a href=""https://www.forwardpathway.com/13213"">诺瓦东南大学</a>（Nova Southeastern University, NSU，<a href=""https://www.forwardpathway.com/13213"">诺瓦东南大学</a>）提供的双录取项目允许学生在完成语言课程的同时选修部分本科课程，从而加快学位完成的进度[3]。具体来说，NSU的双录取项目提供了多种专业选择，包括会计、临床心理学、计算机科学等。学生在完成语言课程的同时，可以选修这些专业的本科课程，提前为未来的职业生涯做好准备[4]。</p>
<p><img decoding=""async"" alt=""美国大学申请双录取需要避免的误区"" src=""https://www.forwardpathway.com/wp-content/uploads/2019/09/24/美国大学申请双录取需要避免的误区-1000x500.jpg""/></p>
<h4>三、适合申请美国大学双录取的学生</h4>
<p>虽然美国大学双录取作为一种新兴的录取方式，但依旧对于申请者有比较高的条件要求。那么到底哪些学生适合申请美国大学双录取呢？下面小编就为各位申请者总结一下。</p>
<ol>
<li><strong>在校期间成绩非常优秀，但确实因为功课繁忙而没有时间来准备语言考试的学生</strong>。这类学生既想来美国留学，又不愿意放弃高考，但是因为功课繁忙无法准备语言考试，比较适合考虑双录取的途径。</li>
<li><strong>较晚决定出国的学生</strong>。这类学生没有提前做好出国留学的准备，马上面临毕业或者已经毕业，临时决定想要出国，错过了正常申请美国大学的时间。部分提供双录取的学校申请截止日期较晚，适合学生进行申请。</li>
<li><strong>家庭经济状况较好的学生</strong>。双录取项目通常需要额外的语言课程费用，因此家庭经济状况较好的学生更适合申请这类项目。</li>
<li><strong>有明确职业规划的学生</strong>。一些双录取项目允许学生在语言学习期间选修本科课程，这对于有明确职业规划的学生来说是一个很好的机会，可以提前为未来的职业生涯做好准备。</li>
</ol>
<p>如果想要了解更多关于<a href=""https://www.forwardpathway.com/university-application"">美国大学申请</a>双录取的信息，欢迎咨询美国留学中介机构美国续航教育的老师。续航教育为学生定制个性化申请方法，帮助每位学生都能申请到理想大学。</p>
<h3>参考资料</h3>
<ol>
<li><a href=""https://edsource.org/2024/dual-admission-programs-a-tool-for-addressing-states-transfer-challenges-panel-says/710555"">Dual admission programs a tool for addressing state’s transfer challenges, panel says | EdSource</a></li>
<li><a href=""https://www.calstate.edu/csu-system/news/Pages/CSU-Transfer-Planner-Allows-Eligible-Students-to-Enroll-in-Dual-Admission-Program.aspx"">New CSU Transfer Planner Allows Eligible Students to Enroll in CSU’s Dual Admission Program | CSU</a></li>
<li><a href=""https://undergrad.nova.edu/academics/premier-programs/dual-admission/index.html"">Dual Admission | Nova Southeastern University</a></li>
<li><a href=""https://www.nova.edu/undergraduatestudies/dual-admit/index.html"">Dual Admission Program | Nova Southeastern University</a></li>
</ol>
","<h3>美国大学双录取申请的关键注意事项及误区解析</h3>
<h4>美国大学双录取申请的关键注意事项</h4>
<p>美国大学双录取近年来越来越受欢迎，其录取要求比正常录取的要求较低，主要针对其他背景条件较好但没有语言成绩或者语言成绩较差的学生。美国大学之所以对语言成绩要求严格，是为了保证不影响到教学效果，保障学生的学习质量。学生入学之后，先在该学校的语言中心学习语言，等语言考试通过之后，即可直接进入本科阶段的学习。学生在<a href=""https://www.forwardpathway.com/university-application"">美国大学申请</a>时会收到学校发出的两份录取通知书，一份是美国大学的正式录取通知书，一份是该所大学语言学校的录取通知，故名为“双录取”。那么，申请美国大学双录取的时候需要注意避免哪些误区呢？</p>
<h4>一、根据排名选择学校</h4>
<p>大多数申请者在申请时以排名作为决定因素，其实在选择学校时，不仅仅要考虑<a href=""https://www.forwardpathway.com/ranking"">美国大学排名</a>，还要考虑学校所处的地理位置、消费水平、气候环境、生活质量等等。同时，美国大学双录取还需要考虑从语言学校毕业的难易程度。部分学校虽然提供双录取，但是其语言学校的升学率较低。例如，根据EdSource的报道，加州州立大学（California State University, CSU，加州州立大学）系统的双录取项目中，某些专业的升学率有所提高[1]。根据最新数据，CSU的Transfer Success Pathway项目在2024年秋季启动，首批有2008名学生参与[2]。因此，虽然排名很高，申请者也应慎重选择。</p>
<h4>二、只要读完语言课程就能直接升入本科</h4>
<p>每所接受双录取的学校对于学生从语言课程升入本科课程的政策都不同，申请者在选择学校之前应详细了解该所学校的过渡规则。一般来说，只要满足以下两个条件中的一个就可以从语言课程直接升入本科：</p>
<ol>
<li>学生在语言学校完成规定级别的语言课程，并且达到规定的考试分数。</li>
<li>学生在语言学校学习的时候完成了入学所要求的托福或者雅思成绩。</li>
</ol>
<p>由此可见，并不是所有的学生都能在完成课程之后就能升入本科学习，越是优秀的大学，越要求学生达到一定的语言水平之后才能够继续读书。但是部分学校允许学生选修一部分本科课程，节约了时间和金钱成本。例如，<a href=""https://www.forwardpathway.com/13213"">诺瓦东南大学</a>（Nova Southeastern University, NSU，<a href=""https://www.forwardpathway.com/13213"">诺瓦东南大学</a>）提供的双录取项目允许学生在完成语言课程的同时选修部分本科课程，从而加快学位完成的进度[3]。具体来说，NSU的双录取项目提供了多种专业选择，包括会计、临床心理学、计算机科学等。学生在完成语言课程的同时，可以选修这些专业的本科课程，提前为未来的职业生涯做好准备[4]。</p>
<p><img alt=""美国大学申请双录取需要避免的误区"" src=""https://www.forwardpathway.com/wp-content/uploads/2019/09/24/美国大学申请双录取需要避免的误区-1000x500.jpg""/></p>
<h4>三、适合申请美国大学双录取的学生</h4>
<p>虽然美国大学双录取作为一种新兴的录取方式，但依旧对于申请者有比较高的条件要求。那么到底哪些学生适合申请美国大学双录取呢？下面小编就为各位申请者总结一下。</p>
<ol>
<li><strong>在校期间成绩非常优秀，但确实因为功课繁忙而没有时间来准备语言考试的学生</strong>。这类学生既想来美国留学，又不愿意放弃高考，但是因为功课繁忙无法准备语言考试，比较适合考虑双录取的途径。例如，某位学生在高三期间成绩优异，但由于备战高考，无法抽出时间准备托福考试，通过双录取项目成功进入了<a href=""https://www.forwardpathway.com/9228"">加州大学洛杉矶分校</a>（University of California, Los Angeles, UCLA，加州大学洛杉矶分校）[5]。</li>
<li><strong>较晚决定出国的学生</strong>。这类学生没有提前做好出国留学的准备，马上面临毕业或者已经毕业，临时决定想要出国，错过了正常申请美国大学的时间。部分提供双录取的学校申请截止日期较晚，适合学生进行申请。例如，某位学生在大四下学期才决定出国，通过双录取项目成功进入了<a href=""https://www.forwardpathway.com/9319"">加州大学戴维斯分校</a>（University of California, Davis, UC Davis，加州大学戴维斯分校）[6]。</li>
<li><strong>家庭经济状况较好的学生</strong>。双录取项目通常需要额外的语言课程费用，因此家庭经济状况较好的学生更适合申请这类项目。</li>
<li><strong>有明确职业规划的学生</strong>。一些双录取项目允许学生在语言学习期间选修本科课程，这对于有明确职业规划的学生来说是一个很好的机会，可以提前为未来的职业生涯做好准备。例如，某位学生在申请双录取项目时已经明确了未来要从事计算机科学领域，通过双录取项目进入了诺瓦<a href=""https://www.forwardpathway.com/96874"">东南大学</a>，并在语言学习期间选修了计算机科学的本科课程[7]。</li>
</ol>
<h4>四、诺瓦东南大学双录取项目的具体细节</h4>
<p>诺瓦东南大学（Nova Southeastern University, NSU，诺瓦东南大学）的双录取项目为学生提供了多种专业选择，并且在课程设置和学生支持服务方面有着独特的优势。以下是该项目的一些具体细节：</p>
<ol>
<li>
<p><strong>课程设置</strong>：NSU的双录取项目涵盖了30多个专业，包括会计、临床心理学、计算机科学等。每个专业都有其独特的课程设置和学术要求。例如，会计专业的双录取项目允许学生在5.5年内完成学士和会计硕士学位[8]。</p>
</li>
<li>
<p><strong>学生支持服务</strong>：NSU为双录取项目的学生提供了一系列支持服务，包括一对一的学术指导、职业发展服务以及研究机会。学生可以通过这些服务获得个性化的学术和职业规划建议，从而更好地实现自己的学术和职业目标[9]。</p>
</li>
<li>
<p><strong>成功案例</strong>：NSU的双录取项目已经培养了许多成功的毕业生。例如，生物学和化学专业的学生Sara R.表示，双录取项目为她提供了进入医学院的保障，使她能够专注于学术成功，而不必担心竞争激烈的研究生申请过程[10]。</p>
</li>
</ol>
<p>如果想要了解更多关于<a href=""https://www.forwardpathway.com/university-application"">美国大学申请</a>双录取的信息，欢迎咨询美国留学中介机构美国续航教育的老师。续航教育为学生定制个性化申请方法，帮助每位学生都能申请到理想大学。</p>
<h3>参考资料</h3>
<ol>
<li><a href=""https://edsource.org/2024/dual-admission-programs-a-tool-for-addressing-states-transfer-challenges-panel-says/710555"">Dual admission programs a tool for addressing state’s transfer challenges, panel says | EdSource</a></li>
<li><a href=""https://www.calstate.edu/csu-system/news/Pages/CSU-Transfer-Planner-Allows-Eligible-Students-to-Enroll-in-Dual-Admission-Program.aspx"">New CSU Transfer Planner Allows Eligible Students to Enroll in CSU’s Dual Admission Program | CSU</a></li>
<li><a href=""https://undergrad.nova.edu/academics/premier-programs/dual-admission/index.html"">Dual Admission | Nova Southeastern University</a></li>
<li><a href=""https://www.nova.edu/undergraduatestudies/dual-admit/index.html"">Dual Admission Program | Nova Southeastern University</a></li>
<li><a href=""https://admission.universityofcalifornia.edu/admission-requirements/transfer-requirements/uc-transfer-programs/dual-admission.html"">UC Dual Admission | UC Admissions</a></li>
<li><a href=""https://admission.universityofcalifornia.edu/admission-requirements/transfer-requirements/uc-transfer-programs/dual-admission.html"">UC Dual Admission | UC Admissions</a></li>
<li><a href=""https://www.quora.com/What-courses-should-I-take-as-dual-enrollment"">What courses should I take as dual enrollment? - Quora</a></li>
<li><a href=""https://www.nova.edu/undergraduatestudies/dual-admit/index.html"">Dual Admission Program | Nova Southeastern University</a></li>
<li><a href=""https://www.nova.edu/undergraduatestudies/dual-admit/index.html"">Dual Admission Program | Nova Southeastern University</a></li>
<li><a href=""https://www.nova.edu/undergraduatestudies/dual-admit/index.html"">Dual Admission Program | Nova Southeastern University</a></li>
</ol>"
9104,美国大学双录取申请的关键注意事项及误区解析详解,美国大学双录取申请的关键注意事项及误区解析详细解读,"<h3>美国大学双录取申请的关键注意事项及误区解析</h3>
<h4>美国大学双录取申请的关键注意事项</h4>
<p>美国大学双录取近年来越来越受欢迎，其录取要求比正常录取的要求较低，主要针对其他背景条件较好但没有语言成绩或者语言成绩较差的学生。美国大学之所以对语言成绩要求严格，是为了保证不影响到教学效果，保障学生的学习质量。学生入学之后，先在该学校的语言中心学习语言，等语言考试通过之后，即可直接进入本科阶段的学习。学生在<a href=""https://www.forwardpathway.com/university-application"">美国大学申请</a>时会收到学校发出的两份录取通知书，一份是美国大学的正式录取通知书，一份是该所大学语言学校的录取通知，故名为“双录取”。那么，申请美国大学双录取的时候需要注意避免哪些误区呢？</p>
<h4>一、根据排名选择学校</h4>
<p>大多数申请者在申请时以排名作为决定因素，其实在选择学校时，不仅仅要考虑<a href=""https://www.forwardpathway.com/ranking"">美国大学排名</a>，还要考虑学校所处的地理位置、消费水平、气候环境、生活质量等等。同时，美国大学双录取还需要考虑从语言学校毕业的难易程度。部分学校虽然提供双录取，但是其语言学校的升学率较低。例如，根据EdSource的报道，加州州立大学（California State University, CSU，加州州立大学）系统的双录取项目中，某些专业的升学率有所提高[1]。根据最新数据，CSU的Transfer Success Pathway项目在2024年秋季启动，首批有2008名学生参与[2]。因此，虽然排名很高，申请者也应慎重选择。</p>
<h4>二、只要读完语言课程就能直接升入本科</h4>
<p>每所接受双录取的学校对于学生从语言课程升入本科课程的政策都不同，申请者在选择学校之前应详细了解该所学校的过渡规则。一般来说，只要满足以下两个条件中的一个就可以从语言课程直接升入本科：</p>
<ol>
<li>学生在语言学校完成规定级别的语言课程，并且达到规定的考试分数。</li>
<li>学生在语言学校学习的时候完成了入学所要求的托福或者雅思成绩。</li>
</ol>
<p>由此可见，并不是所有的学生都能在完成课程之后就能升入本科学习，越是优秀的大学，越要求学生达到一定的语言水平之后才能够继续读书。但是部分学校允许学生选修一部分本科课程，节约了时间和金钱成本。例如，<a href=""https://www.forwardpathway.com/13213"">诺瓦东南大学</a>（Nova Southeastern University, NSU，<a href=""https://www.forwardpathway.com/13213"">诺瓦东南大学</a>）提供的双录取项目允许学生在完成语言课程的同时选修部分本科课程，从而加快学位完成的进度[3]。具体来说，NSU的双录取项目提供了多种专业选择，包括会计、临床心理学、计算机科学等。学生在完成语言课程的同时，可以选修这些专业的本科课程，提前为未来的职业生涯做好准备[4]。</p>
<p><img decoding=""async"" alt=""美国大学申请双录取需要避免的误区"" src=""https://www.forwardpathway.com/wp-content/uploads/2019/09/24/美国大学申请双录取需要避免的误区-1000x500.jpg""/></p>
<h4>三、适合申请美国大学双录取的学生</h4>
<p>虽然美国大学双录取作为一种新兴的录取方式，但依旧对于申请者有比较高的条件要求。那么到底哪些学生适合申请美国大学双录取呢？下面小编就为各位申请者总结一下。</p>
<ol>
<li><strong>在校期间成绩非常优秀，但确实因为功课繁忙而没有时间来准备语言考试的学生</strong>。这类学生既想来美国留学，又不愿意放弃高考，但是因为功课繁忙无法准备语言考试，比较适合考虑双录取的途径。例如，某位学生在高三期间成绩优异，但由于备战高考，无法抽出时间准备托福考试，通过双录取项目成功进入了<a href=""https://www.forwardpathway.com/9228"">加州大学洛杉矶分校</a>（University of California, Los Angeles, UCLA，加州大学洛杉矶分校）[5]。</li>
<li><strong>较晚决定出国的学生</strong>。这类学生没有提前做好出国留学的准备，马上面临毕业或者已经毕业，临时决定想要出国，错过了正常申请美国大学的时间。部分提供双录取的学校申请截止日期较晚，适合学生进行申请。例如，某位学生在大四下学期才决定出国，通过双录取项目成功进入了<a href=""https://www.forwardpathway.com/9319"">加州大学戴维斯分校</a>（University of California, Davis, UC Davis，加州大学戴维斯分校）[6]。</li>
<li><strong>家庭经济状况较好的学生</strong>。双录取项目通常需要额外的语言课程费用，因此家庭经济状况较好的学生更适合申请这类项目。</li>
<li><strong>有明确职业规划的学生</strong>。一些双录取项目允许学生在语言学习期间选修本科课程，这对于有明确职业规划的学生来说是一个很好的机会，可以提前为未来的职业生涯做好准备。例如，某位学生在申请双录取项目时已经明确了未来要从事计算机科学领域，通过双录取项目进入了诺瓦<a href=""https://www.forwardpathway.com/96874"">东南大学</a>，并在语言学习期间选修了计算机科学的本科课程[7]。</li>
</ol>
<h4>四、诺瓦东南大学双录取项目的具体细节</h4>
<p>诺瓦东南大学（Nova Southeastern University, NSU，诺瓦东南大学）的双录取项目为学生提供了多种专业选择，并且在课程设置和学生支持服务方面有着独特的优势。以下是该项目的一些具体细节：</p>
<ol>
<li>
<p><strong>课程设置</strong>：NSU的双录取项目涵盖了30多个专业，包括会计、临床心理学、计算机科学等。每个专业都有其独特的课程设置和学术要求。例如，会计专业的双录取项目允许学生在5.5年内完成学士和会计硕士学位[8]。</p>
</li>
<li>
<p><strong>学生支持服务</strong>：NSU为双录取项目的学生提供了一系列支持服务，包括一对一的学术指导、职业发展服务以及研究机会。学生可以通过这些服务获得个性化的学术和职业规划建议，从而更好地实现自己的学术和职业目标[9]。</p>
</li>
<li>
<p><strong>成功案例</strong>：NSU的双录取项目已经培养了许多成功的毕业生。例如，生物学和化学专业的学生Sara R.表示，双录取项目为她提供了进入医学院的保障，使她能够专注于学术成功，而不必担心竞争激烈的研究生申请过程[10]。</p>
</li>
</ol>
<p>如果想要了解更多关于<a href=""https://www.forwardpathway.com/university-application"">美国大学申请</a>双录取的信息，欢迎咨询美国留学中介机构美国续航教育的老师。续航教育为学生定制个性化申请方法，帮助每位学生都能申请到理想大学。</p>
<h3>参考资料</h3>
<ol>
<li><a href=""https://edsource.org/2024/dual-admission-programs-a-tool-for-addressing-states-transfer-challenges-panel-says/710555"">Dual admission programs a tool for addressing state’s transfer challenges, panel says | EdSource</a></li>
<li><a href=""https://www.calstate.edu/csu-system/news/Pages/CSU-Transfer-Planner-Allows-Eligible-Students-to-Enroll-in-Dual-Admission-Program.aspx"">New CSU Transfer Planner Allows Eligible Students to Enroll in CSU’s Dual Admission Program | CSU</a></li>
<li><a href=""https://undergrad.nova.edu/academics/premier-programs/dual-admission/index.html"">Dual Admission | Nova Southeastern University</a></li>
<li><a href=""https://www.nova.edu/undergraduatestudies/dual-admit/index.html"">Dual Admission Program | Nova Southeastern University</a></li>
<li><a href=""https://admission.universityofcalifornia.edu/admission-requirements/transfer-requirements/uc-transfer-programs/dual-admission.html"">UC Dual Admission | UC Admissions</a></li>
<li><a href=""https://admission.universityofcalifornia.edu/admission-requirements/transfer-requirements/uc-transfer-programs/dual-admission.html"">UC Dual Admission | UC Admissions</a></li>
<li><a href=""https://www.quora.com/What-courses-should-I-take-as-dual-enrollment"">What courses should I take as dual enrollment? &#8211; Quora</a></li>
<li><a href=""https://www.nova.edu/undergraduatestudies/dual-admit/index.html"">Dual Admission Program | Nova Southeastern University</a></li>
<li><a href=""https://www.nova.edu/undergraduatestudies/dual-admit/index.html"">Dual Admission Program | Nova Southeastern University</a></li>
<li><a href=""https://www.nova.edu/undergraduatestudies/dual-admit/index.html"">Dual Admission Program | Nova Southeastern University</a></li>
</ol>
","<h3>美国大学双录取申请的关键注意事项及误区解析</h3>
<h4>美国大学双录取申请的关键注意事项</h4>
<p>美国大学双录取近年来越来越受欢迎，其录取要求比正常录取的要求较低，主要针对其他背景条件较好但没有语言成绩或者语言成绩较差的学生。美国大学之所以对语言成绩要求严格，是为了保证不影响到教学效果，保障学生的学习质量。学生入学之后，先在该学校的语言中心学习语言，等语言考试通过之后，即可直接进入本科阶段的学习。学生在<a href=""https://www.forwardpathway.com/university-application"">美国大学申请</a>时会收到学校发出的两份录取通知书，一份是美国大学的正式录取通知书，一份是该所大学语言学校的录取通知，故名为“双录取”。那么，申请美国大学双录取的时候需要注意避免哪些误区呢？</p>
<h4>一、根据排名选择学校</h4>
<p>大多数申请者在申请时以排名作为决定因素，其实在选择学校时，不仅仅要考虑<a href=""https://www.forwardpathway.com/ranking"">美国大学排名</a>，还要考虑学校所处的地理位置、消费水平、气候环境、生活质量等等。同时，美国大学双录取还需要考虑从语言学校毕业的难易程度。部分学校虽然提供双录取，但是其语言学校的升学率较低。例如，根据EdSource的报道，加州州立大学（California State University, CSU，加州州立大学）系统的双录取项目中，某些专业的升学率有所提高。根据最新数据，CSU的Transfer Success Pathway项目在2023年秋季启动，首批有2000名学生参与[1]。因此，虽然排名很高，申请者也应慎重选择。</p>
<h4>二、只要读完语言课程就能直接升入本科</h4>
<p>每所接受双录取的学校对于学生从语言课程升入本科课程的政策都不同，申请者在选择学校之前应详细了解该所学校的过渡规则。一般来说，只要满足以下两个条件中的一个就可以从语言课程直接升入本科：</p>
<ol>
<li>学生在语言学校完成规定级别的语言课程，并且达到规定的考试分数。</li>
<li>学生在语言学校学习的时候完成了入学所要求的托福或者雅思成绩。</li>
</ol>
<p>由此可见，并不是所有的学生都能在完成课程之后就能升入本科学习，越是优秀的大学，越要求学生达到一定的语言水平之后才能够继续读书。但是部分学校允许学生选修一部分本科课程，节约了时间和金钱成本。例如，<a href=""https://www.forwardpathway.com/13213"">诺瓦东南大学</a>（Nova Southeastern University, NSU，<a href=""https://www.forwardpathway.com/13213"">诺瓦东南大学</a>）提供的双录取项目允许学生在完成语言课程的同时选修部分本科课程，从而加快学位完成的进度[2]。具体来说，NSU的双录取项目提供了多种专业选择，包括会计、临床心理学、计算机科学等。学生在完成语言课程的同时，可以选修这些专业的本科课程，提前为未来的职业生涯做好准备[3]。</p>
<p><img alt=""美国大学申请双录取需要避免的误区"" src=""https://www.forwardpathway.com/wp-content/uploads/2019/09/24/美国大学申请双录取需要避免的误区-1000x500.jpg""/></p>
<h4>三、适合申请美国大学双录取的学生</h4>
<p>虽然美国大学双录取作为一种新兴的录取方式，但依旧对于申请者有比较高的条件要求。那么到底哪些学生适合申请美国大学双录取呢？下面小编就为各位申请者总结一下。</p>
<ol>
<li>
<p><strong>在校期间成绩非常优秀，但确实因为功课繁忙而没有时间来准备语言考试的学生</strong>。这类学生既想来美国留学，又不愿意放弃高考，但是因为功课繁忙无法准备语言考试，比较适合考虑双录取的途径。例如，某位学生在高三期间成绩优异，但由于备战高考，无法抽出时间准备托福考试，通过双录取项目成功进入了<a href=""https://www.forwardpathway.com/9228"">加州大学洛杉矶分校</a>（University of California, Los Angeles, UCLA，<a href=""https://www.forwardpathway.com/9228"">加州大学洛杉矶分校</a>）[4]。</p>
</li>
<li>
<p><strong>较晚决定出国的学生</strong>。这类学生没有提前做好出国留学的准备，马上面临毕业或者已经毕业，临时决定想要出国，错过了正常申请美国大学的时间。部分提供双录取的学校申请截止日期较晚，适合学生进行申请。例如，某位学生在大四下学期才决定出国，通过双录取项目成功进入了<a href=""https://www.forwardpathway.com/9319"">加州大学戴维斯分校</a>（University of California, Davis, UC Davis，<a href=""https://www.forwardpathway.com/9319"">加州大学戴维斯分校</a>）[5]。</p>
</li>
<li>
<p><strong>家庭经济状况较好的学生</strong>。双录取项目通常需要额外的语言课程费用，因此家庭经济状况较好的学生更适合申请这类项目。</p>
</li>
<li>
<p><strong>有明确职业规划的学生</strong>。一些双录取项目允许学生在语言学习期间选修本科课程，这对于有明确职业规划的学生来说是一个很好的机会，可以提前为未来的职业生涯做好准备。例如，某位学生在申请双录取项目时已经明确了未来要从事计算机科学领域，通过双录取项目进入了<a href=""https://www.forwardpathway.com/96874"">诺瓦东南大学</a>，并在语言学习期间选修了计算机科学的本科课程[6]。</p>
</li>
<li>
<p><strong>成功案例分享</strong>。例如，Sama Abou Elkheir是一名在<a href=""https://www.forwardpathway.com/10191"">北卡罗来纳州立大学</a>（North Carolina State University, NCSU，北卡罗来纳州立大学）就读的学生，她通过双录取项目成功进入大学，并在高中期间就开始修读大学课程。她表示，双录取项目不仅帮助她提前获得了大学学分，还让她在大学生活中更加游刃有余[7]。再如，Temple University Harrisburg（<a href=""https://www.forwardpathway.com/10922"">天普大学</a>哈里斯堡分校）的双录取项目也帮助了许多高中生提前适应大学生活，并为他们未来的职业生涯打下了坚实的基础[8]。</p>
</li>
</ol>
<h4>四、诺瓦东南大学双录取项目的具体细节</h4>
<p>诺瓦<a href=""https://www.forwardpathway.com/96874"">东南大学</a>（Nova Southeastern University, NSU，诺瓦东南大学）的双录取项目为学生提供了多种专业选择，并且在课程设置和学生支持服务方面有着独特的优势。以下是该项目的一些具体细节：</p>
<ol>
<li>
<p><strong>课程设置</strong>：NSU的双录取项目涵盖了30多个专业，包括会计、临床心理学、计算机科学等。每个专业都有其独特的课程设置和学术要求。例如，会计专业的双录取项目允许学生在5.5年内完成学士和会计硕士学位[9]。</p>
</li>
<li>
<p><strong>学生支持服务</strong>：NSU为双录取项目的学生提供了一系列支持服务，包括一对一的学术指导、职业发展服务以及研究机会。学生可以通过这些服务获得个性化的学术和职业规划建议，从而更好地实现自己的学术和职业目标[10]。</p>
</li>
<li>
<p><strong>成功案例</strong>：NSU的双录取项目已经培养了许多成功的毕业生。例如，生物学和化学专业的学生Sara R.表示，双录取项目为她提供了进入医学院的保障，使她能够专注于学术成功，而不必担心竞争激烈的研究生申请过程[11]。</p>
</li>
</ol>
<p>如果想要了解更多关于<a href=""https://www.forwardpathway.com/university-application"">美国大学申请</a>双录取的信息，欢迎咨询美国留学中介机构美国续航教育的老师。续航教育为学生定制个性化申请方法，帮助每位学生都能申请到理想大学。</p>
<h3>参考资料</h3>
<ol>
<li><a href=""https://edsource.org/2024/dual-admission-programs-a-tool-for-addressing-states-transfer-challenges-panel-says/710555"">Dual admission programs a tool for addressing state’s transfer challenges, panel says | EdSource</a></li>
<li><a href=""https://www.calstate.edu/csu-system/news/Pages/CSU-Transfer-Planner-Allows-Eligible-Students-to-Enroll-in-Dual-Admission-Program.aspx"">New CSU Transfer Planner Allows Eligible Students to Enroll in CSU’s Dual Admission Program | CSU</a></li>
<li><a href=""https://undergrad.nova.edu/academics/premier-programs/dual-admission/index.html"">Dual Admission | Nova Southeastern University</a></li>
<li><a href=""https://www.nova.edu/undergraduatestudies/dual-admit/index.html"">Dual Admission Program | Nova Southeastern University</a></li>
<li><a href=""https://admission.universityofcalifornia.edu/admission-requirements/transfer-requirements/uc-transfer-programs/dual-admission.html"">UC Dual Admission | UC Admissions</a></li>
<li><a href=""https://www.nova.edu/undergraduatestudies/dual-admit/current_students.html"">Current Dual Admission Students | Nova Southeastern University</a></li>
<li><a href=""https://blog.cengage.com/my-secret-to-success-dual-enrollment/"">My Secret to Success: Dual Enrollment - The Cengage Blog</a></li>
<li><a href=""https://universitycollege.temple.edu/news/2024/03/how-temple-harrisburgs-dual-enrollment-program-empowers-high-school-students"">How Temple Harrisburg's Dual Enrollment Program Empowers High School Students | University College | University College</a></li>
<li><a href=""https://www.nova.edu/undergraduatestudies/dual-admit/index.html"">Dual Admission Program | Nova Southeastern University</a></li>
<li><a href=""https://www.nova.edu/undergraduatestudies/dual-admit/current_students.html"">Current Dual Admission Students | Nova Southeastern University</a></li>
<li><a href=""https://undergrad.nova.edu/academics/premier-programs/dual-admission/index.html"">Dual Admission | Nova Southeastern University</a></li>
</ol>"
39317,克拉克大学：徐志摩的母校,克拉克大学：探寻徐志摩母校的学术魅力,"
<p><a href=""https://www.forwardpathway.com/10012""><strong>克拉克大学</strong></a><span style=""font-weight: 400;"">成立于1887年，是美国最早提供研究生教育的学校。克拉克大学同哈佛大学和耶鲁大学一样是美国大学协会的创始成员。学校位于马萨诸塞州伍斯特市，是一所历史悠久的私立研究性大学。作为一所私立大学，学校的规模不是特别大，来自中国的留学生人数较少，所以与同等排名的学校相比，克拉克大学的名气不是特别大。其实，</span><span style=""font-weight: 400;"">克拉克大学有很多优势，比如，这是徐志摩的母校，克拉克大学也有很多我们不知道的美国“第一”。</span></p>



<p><span style=""font-weight: 400;"">先说一下排名的部分，克拉克大学在 2019 <a href=""https://www.usnews.com/"" target=""_blank"" rel=""noreferrer noopener"" aria-label=""US.News (opens in a new tab)"">US.News</a> 全美大学排名中位列66。普林斯顿评论最佳影响力学校排名11。学校的商学院获得了AACSB（国际商管学院促进协会）认证，全美国只有5%的商学院能获得认证。同时还获得了普林斯顿评论的“最佳商学院”称号。克拉克大学的第一任校长是美国第一个获得心理学博士的人。学校的教授A.A. Michelson教授是美国第一位诺贝尔奖的获奖人。美国“太空之父”Robert Goddard教授也是来自克拉克大学。</span></p>



<div class=""wp-block-image""><figure class=""aligncenter""><img decoding=""async"" width=""1200"" height=""630"" src=""https://www.forwardpathway.com/wp-content/uploads/2019/03/克拉克大学1200.jpg"" alt="""" class=""wp-image-39324"" srcset=""https://www.forwardpathway.com/wp-content/uploads/2019/03/克拉克大学1200.jpg 1200w, https://www.forwardpathway.com/wp-content/uploads/2019/03/克拉克大学1200-400x210.jpg 400w, https://www.forwardpathway.com/wp-content/uploads/2019/03/克拉克大学1200-1000x525.jpg 1000w, https://www.forwardpathway.com/wp-content/uploads/2019/03/克拉克大学1200-200x105.jpg 200w, https://www.forwardpathway.com/wp-content/uploads/2019/03/克拉克大学1200-768x403.jpg 768w"" sizes=""(max-width: 1200px) 100vw, 1200px"" /></figure></div>



<h2 class=""wp-block-heading"">学院特色和优势学科</h2>



<p><span style=""font-weight: 400;"">学校主要有5个学院，包括了本科文理学院、文理学研究生院、管理研究生院、SPS学院和国际发展与社区环境学院。学校比较受欢迎的专业有：</span><span style=""font-weight: 400;""><span style=""color: #0d93d2;""><a style=""color: #0d93d2;"" href=""https://www.forwardpathway.com/27214"">生物学专业</a></span>、<span style=""color: #0d93d2;""><a style=""color: #0d93d2;"" href=""https://www.forwardpathway.com/27966"">地理学专业</a></span>、<span style=""color: #0d93d2;""><a style=""color: #0d93d2;"" href=""https://www.forwardpathway.com/27201"">物理学专业</a></span>和<a href=""https://www.forwardpathway.com/24067""><span style=""color: #0d93d2;"">心理学专业</span></a>。学校的生物系提供本科和研究生课程，其中研究是核心。学校有多个最先进的尖端项目，提供一流的实验室设备。</span></p>



<p><span style=""font-weight: 400;"">克拉克大学拥有是世界上最好的地理学专业，本科和研究生课程排名都很高。学校注重小班教学，学生有机会与国内和国际知名教师合作。克拉克大学的地理研究学院是美国历史最悠久的学院，克拉克大学为地理学领域开发了新的创新文化，比如：人类环境、风险危害、批判地理、动物地理和女权主义地理等多种领域。</span></p>



<p><span style=""font-weight: 400;"">由于专业的特殊性，选择地理学的留学生并不多，相比较而言，更多的留学生会选择物理学专业。克拉克大学的物理系也有悠久的历史，培养出了很多杰出的人才。其中包括国际知名物理学家罗伯特·哈钦斯·戈达德，火箭科学之父，诺贝尔奖获得者艾伯特·迈克尔森，他们在物理、计算机科学、医学和健康方面做出了杰出贡献。</span></p>



<h2 class=""wp-block-heading"">多元化学生和丰富的活动</h2>



<p><span style=""font-weight: 400;"">克拉克大学非常注重学生多元化，对国际学生非常友好。虽然学校的规模比较小，注册学生人数3000多名，但是国际学生的比例很高。学校的国际学生是来自全世界各个国家的。根据克拉克大学留学生的分享，本科期间可以与很多其他国家的同学交朋友，了解不同的文化。学校还会定期组织国际学生文化的活动，对于留学生来说是开阔视野的好机会。</span></p>



<p><span style=""font-weight: 400;"">学校也有很多有趣的节日和活动，其中Spree Day狂欢节是最受欢迎的校园活动之一。Spree Day也是一个非常有历史的传统节日了，起源于1903年当时正好是圣帕特里克节。在那之前，学生只是放假一天。后来，狂欢节的当天，学校放假，布置了各种绿色的装饰，包括气球和充气玩具等等。学校还会邀请乐队并举办食品博览会。关于这个活动的更有趣的是高年级的学生会故意不告诉大一的新生，等到了那一天，高年级的学生就会在宿舍里敲打瓢盆吵醒大一的学生。</span></p>



<p><span style=""font-weight: 400;"">曾经有很多学生只要想休息就会把那一天当成是狂欢节，让学校停课，然后举办大型的聚会。所以，克拉克大学的学生领导和办公室在2013年初废除了Spree Day，重新规定了FreudFest这个节日。 FreudFest是把国际联欢晚会、狂欢日和春季喜剧表演整合到四月的一个星期四至星期日，这样做学校就不需要取消课程。不过学生们对这个决定非常不满。在宣布狂欢日不复存在的几个小时内，学生们开展了大规模的“自由狂欢”活动。学生还大规模的通过社交媒体和电子邮件表达自己的心声。最后，学校决定保留狂欢日。</span></p>



<p><span style=""font-weight: 400;"">克拉克大学作为一个研究型大学还是比较注重学术的，于是，他们在狂欢节的基础上设定了一个学术狂欢日Academic Spree Day。在每一年的春季学期都会举办学术狂欢，是本科学生展示他们学习和研究成果的日子。相信学霸们会喜欢这个活动的。</span></p>



<h2 class=""wp-block-heading"">走进克拉克大学校园</h2>



<p><span style=""font-weight: 400;"">走进克拉克校园，首先会看到学校的主楼Jonas Clark Hall。这座建筑很宏伟，是克拉克大学的标志性建筑物。平时所有文科专业，包括克拉克大学最有名的心理学专业的学生都在这个教学楼上课。学校还有地理专业的一栋楼，从建筑上就能看出学校的地理专业很强势了。校园里还有著名心理学家弗洛伊德的雕像。</span></p>



<p><span style=""font-weight: 400;"">主楼对面是图书馆，图书馆从外面看过去造型也是比较独特的。图书馆的一层有自由讨论的区域，还有帮助大家解答所有关于电脑、网络技术问题的ITS help 中心。图书馆会开到凌晨两点，到了期末的时候会有非常多学生。为了让课业紧张的学生在图书馆也能有放松的时刻，这里还有拼图游戏和咖啡角。学生可以购买咖啡、</span><span style=""font-weight: 400;"">饮料、面包、三明治、沙拉等等。学校虽小，但是设备很齐全，有两个食堂，其中一个食堂营业到凌晨两点。还有设备齐全的健身房。</span></p>



<p><span style=""font-weight: 400;""><a href=""https://www.forwardpathway.com/10012""><strong>克拉克大学</strong></a>作为一所私立研究性大学，其优势有很多，比如师生比高，学生可以跟老师建立亲密的关系。如果你喜欢私立小型的学校，喜欢克拉克大学优势的专业，那么，这一所学校是<a href=""https://www.forwardpathway.com/""><strong>美国留学</strong></a>很好的选择。</span></p>



<p>文章回顾：</p>



<p><a href=""https://www.forwardpathway.com/39327"">克拉克大学申请须知</a></p>



<p><a href=""https://www.forwardpathway.com/39329"">克拉克大学转学指南</a></p>

","<h3>克拉克大学：徐志摩的母校</h3>
<p><img alt=""克拉克大学"" src=""https://www.forwardpathway.com/wp-content/uploads/2019/03/克拉克大学1200.jpg""/></p>
<p><a href=""https://www.forwardpathway.com/10012"">克拉克大学</a>成立于1887年，是美国最早提供研究生教育的学校之一。学校位于马萨诸塞州伍斯特市，是一所历史悠久的私立研究性大学。作为一所私立大学，学校的规模不是特别大，来自中国的留学生人数较少，所以与同等排名的学校相比，<a href=""https://www.forwardpathway.com/58326"">克拉克大学</a>的名气不是特别大。其实，克拉克大学有很多优势，比如，这是徐志摩的母校，克拉克大学也有很多我们不知道的美国“第一”。</p>
<h3>学校排名</h3>
<p>克拉克大学在2024年《美国新闻与世界报道》（U.S. News &amp; World Report）全美大学排名中位列142位，这相比去年的97位有显著下降[1]。普林斯顿评论最佳影响力学校排名更新为第20位[2]。学校的商学院获得了AACSB（国际商管学院促进协会）认证，全美国只有5%的商学院能获得认证。同时还获得了普林斯顿评论的“最佳商学院”称号。克拉克大学的第一任校长是美国第一个获得心理学博士的人。学校的教授A.A. Michelson教授是美国第一位诺贝尔奖的获奖人。美国“太空之父”Robert Goddard教授也是来自克拉克大学。</p>
<h3>学院特色和优势学科</h3>
<p>学校主要有5个学院，包括了本科文理学院、文理学研究生院、管理研究生院、SPS学院和国际发展与社区环境学院。学校比较受欢迎的专业有：生物学专业、地理学专业、物理学专业和心理学专业。学校的生物系提供本科和研究生课程，其中研究是核心。学校有多个最先进的尖端项目，提供一流的实验室设备。</p>
<p>克拉克大学拥有世界上最好的地理学专业之一，本科和研究生课程排名都很高。学校注重小班教学，学生有机会与国内和国际知名教师合作。克拉克大学的地理研究学院是美国历史最悠久的学院，克拉克大学为地理学领域开发了新的创新文化，比如：人类环境、风险危害、批判地理、动物地理和女权主义地理等多种领域。</p>
<p>由于专业的特殊性，选择地理学的留学生并不多，相比较而言，更多的留学生会选择物理学专业。克拉克大学的物理系也有悠久的历史，培养出了很多杰出的人才。其中包括国际知名物理学家罗伯特·哈钦斯·戈达德，火箭科学之父，诺贝尔奖获得者艾伯特·迈克尔森，他们在物理、计算机科学、医学和健康方面做出了杰出贡献。</p>
<h3>多元化学生和丰富的活动</h3>
<p>克拉克大学非常注重学生多元化，对国际学生非常友好。虽然学校的规模比较小，注册学生人数3000多名，但是国际学生的比例很高。学校的国际学生是来自全世界各个国家的。根据克拉克大学留学生的分享，本科期间可以与很多其他国家的同学交朋友，了解不同的文化。学校还会定期组织国际学生文化的活动，对于留学生来说是开阔视野的好机会。</p>
<p>学校也有很多有趣的节日和活动，其中Spree Day狂欢节是最受欢迎的校园活动之一。Spree Day也是一个非常有历史的传统节日了，起源于1903年当时正好是圣帕特里克节。在那之前，学生只是放假一天。后来，狂欢节的当天，学校放假，布置了各种绿色的装饰，包括气球和充气玩具等等。学校还会邀请乐队并举办食品博览会。关于这个活动的更有趣的是高年级的学生会故意不告诉大一的新生，等到了那一天，高年级的学生就会在宿舍里敲打瓢盆吵醒大一的学生。</p>
<p>曾经有很多学生只要想休息就会把那一天当成是狂欢节，让学校停课，然后举办大型的聚会。所以，克拉克大学的学生领导和办公室在2013年初废除了Spree Day，重新规定了FreudFest这个节日。FreudFest是把国际联欢晚会、狂欢日和春季喜剧表演整合到四月的一个星期四至星期日，这样做学校就不需要取消课程。不过学生们对这个决定非常不满。在宣布狂欢日不复存在的几个小时内，学生们开展了大规模的“自由狂欢”活动。学生还大规模的通过社交媒体和电子邮件表达自己的心声。最后，学校决定保留狂欢日。</p>
<p>克拉克大学作为一个研究型大学还是比较注重学术的，于是，他们在狂欢节的基础上设定了一个学术狂欢日Academic Spree Day。在每一年的春季学期都会举办学术狂欢，是本科学生展示他们学习和研究成果的日子。相信学霸们会喜欢这个活动的。</p>
<h3>走进克拉克大学校园</h3>
<p>走进克拉克校园，首先会看到学校的主楼Jonas Clark Hall。这座建筑很宏伟，是克拉克大学的标志性建筑物。平时所有文科专业，包括克拉克大学最有名的心理学专业的学生都在这个教学楼上课。学校还有地理专业的一栋楼，从建筑上就能看出学校的地理专业很强势了。校园里还有著名心理学家弗洛伊德的雕像。</p>
<p>主楼对面是图书馆，图书馆从外面看过去造型也是比较独特的。图书馆的一层有自由讨论的区域，还有帮助大家解答所有关于电脑、网络技术问题的ITS help 中心。图书馆会开到凌晨两点，到了期末的时候会有非常多学生。为了让课业紧张的学生在图书馆也能有放松的时刻，这里还有拼图游戏和咖啡角。学生可以购买咖啡、饮料、面包、三明治、沙拉等等。学校虽小，但是设备很齐全，有两个食堂，其中一个食堂营业到凌晨两点。还有设备齐全的健身房。</p>
<p>克拉克大学作为一所私立研究性大学，其优势有很多，比如师生比高，学生可以跟老师建立亲密的关系。如果你喜欢私立小型的学校，喜欢克拉克大学优势的专业，那么，这一所学校是美国留学很好的选择。</p>
<h3>参考资料</h3>
<ol>
<li><a href=""https://thescarlet.org/19020/news/clark-drops-45-spots-in-u-s-news-rankings/"">Clark Drops 45 Spots in U.S. News Rankings - The Scarlet</a></li>
<li><a href=""https://www.princetonreview.com/college-rankings/best-colleges"">Best Colleges 2024 | College Ranking List | The Princeton Review</a></li>
<li><a href=""https://www.clarku.edu/graduate-education/graduate-rankings/"">Graduate Rankings – Graduate Education</a></li>
<li><a href=""https://www.aau.edu/who-we-are/our-members"">Our Members | Association of American Universities (AAU)</a></li>
<li><a href=""https://en.wikipedia.org/wiki/Association_of_American_Universities"">Association of American Universities - Wikipedia</a></li>
</ol>"
